{
"type": "FeatureCollection",
"name": "area_urbana_jacarei",
"crs": { "type": "name", "properties": { "name": "urn:ogc:def:crs:OGC:1.3:CRS84" } },
"features": [
{ "type": "Feature", "properties": { "fid": 86, "value": 1, "CD_MUN": "3524402", "NM_MUN": "Jacareí", "CD_RGI": "350049", "NM_RGI": "São José dos Campos", "CD_RGINT": "3511", "NM_RGINT": "São José dos Campos", "CD_UF": "35", "NM_UF": "São Paulo", "SIGLA_UF": "SP", "CD_REGIA": "3", "NM_REGIA": "Sudeste", "SIGLA_RG": "SE", "CD_CONCU": "3549904", "NM_CONCU": "São José dos Campos/SP", "AREA_KM2": 464.272 }, "geometry": { "type": "MultiPolygon", "coordinates": [ [ [ [ -45.968411352896773, -23.200994160110874 ], [ -45.970365548769621, -23.200982118713053 ], [ -45.970359810813768, -23.200187233674459 ], [ -45.97024, -23.200085 ], [ -45.969823, -23.19987 ], [ -45.969434, -23.199826 ], [ -45.969131, -23.199874 ], [ -45.968763, -23.200102 ], [ -45.968493, -23.200413 ], [ -45.96840812644249, -23.200546298486717 ], [ -45.968411352896773, -23.200994160110874 ] ] ] ] } },
{ "type": "Feature", "properties": { "fid": 106, "value": 1, "CD_MUN": "3524402", "NM_MUN": "Jacareí", "CD_RGI": "350049", "NM_RGI": "São José dos Campos", "CD_RGINT": "3511", "NM_RGINT": "São José dos Campos", "CD_UF": "35", "NM_UF": "São Paulo", "SIGLA_UF": "SP", "CD_REGIA": "3", "NM_REGIA": "Sudeste", "SIGLA_RG": "SE", "CD_CONCU": "3549904", "NM_CONCU": "São José dos Campos/SP", "AREA_KM2": 464.272 }, "geometry": { "type": "MultiPolygon", "coordinates": [ [ [ [ -45.958691893684936, -23.208279557175491 ], [ -45.958698337603636, -23.209182750960103 ], [ -45.959675498034258, -23.209176791634359 ], [ -45.959669047550001, -23.2082735981082 ], [ -45.958691893684936, -23.208279557175491 ] ] ] ] } },
{ "type": "Feature", "properties": { "fid": 117, "value": 1, "CD_MUN": "3524402", "NM_MUN": "Jacareí", "CD_RGI": "350049", "NM_RGI": "São José dos Campos", "CD_RGINT": "3511", "NM_RGINT": "São José dos Campos", "CD_UF": "35", "NM_UF": "São Paulo", "SIGLA_UF": "SP", "CD_REGIA": "3", "NM_REGIA": "Sudeste", "SIGLA_RG": "SE", "CD_CONCU": "3549904", "NM_CONCU": "São José dos Campos/SP", "AREA_KM2": 464.272 }, "geometry": { "type": "MultiPolygon", "coordinates": [ [ [ [ -45.965486183063369, -23.201865131859332 ], [ -45.965444, -23.201865 ], [ -45.9650958, -23.2020275 ], [ -45.965054, -23.202047 ], [ -45.965003, -23.2021032 ], [ -45.9648451, -23.2022772 ], [ -45.9646652, -23.2024753 ], [ -45.964641, -23.202502 ], [ -45.9645799, -23.2025983 ], [ -45.964388, -23.202901 ], [ -45.964183, -23.203268 ], [ -45.963998405819595, -23.20373096097752 ], [ -45.964522400333806, -23.203727749010575 ], [ -45.964515918974733, -23.202824556148375 ], [ -45.966470143710907, -23.202812562242453 ], [ -45.966465234939655, -23.202129866115065 ], [ -45.966434, -23.202124 ], [ -45.9662683, -23.2020649 ], [ -45.966033, -23.201981 ], [ -45.9659376, -23.2019402 ], [ -45.965873946362464, -23.201912991478437 ], [ -45.965486543908881, -23.201915369521409 ], [ -45.965486183063369, -23.201865131859332 ] ] ], [ [ [ -45.96355151190221, -23.20460287776109 ], [ -45.963522094077788, -23.204637111829271 ], [ -45.963551756034519, -23.204636930139216 ], [ -45.96355151190221, -23.20460287776109 ] ] ], [ [ [ -45.951858205548966, -23.209224296307912 ], [ -45.951864603829719, -23.210127491788967 ], [ -45.952729340115219, -23.210122255819531 ], [ -45.952764894219719, -23.2099982755519 ], [ -45.953819621329707, -23.210211345701037 ], [ -45.953812530604203, -23.209212456553686 ], [ -45.955766854371923, -23.20920059252331 ], [ -45.955779703783492, -23.211006981324012 ], [ -45.956756878315865, -23.21100103968995 ], [ -45.95673758498458, -23.208291457103858 ], [ -45.957714739496353, -23.208285510174044 ], [ -45.957708302466408, -23.207382316025889 ], [ -45.954776857658615, -23.207400137836096 ], [ -45.954770440646627, -23.206496942809618 ], [ -45.953793298297491, -23.206502871018898 ], [ -45.953780478368941, -23.204696480135681 ], [ -45.955734736487251, -23.204684618677902 ], [ -45.955741159419169, -23.205587813657672 ], [ -45.960336240378325, -23.205559826923011 ], [ -45.959226, -23.205202 ], [ -45.9591261, -23.2051689 ], [ -45.958891, -23.205091 ], [ -45.958561, -23.204998 ], [ -45.958051, -23.204766 ], [ -45.957349, -23.204494 ], [ -45.956447, -23.204148 ], [ -45.956186, -23.20404 ], [ -45.9561687, -23.2040345 ], [ -45.956119, -23.2040185 ], [ -45.9560684, -23.2040022 ], [ -45.955856, -23.203934 ], [ -45.9557497, -23.2039136 ], [ -45.9556824, -23.2039007 ], [ -45.9556144, -23.2038877 ], [ -45.955564, -23.203878 ], [ -45.955243, -23.203858 ], [ -45.954699, -23.20392 ], [ -45.954229, -23.204024 ], [ -45.953678, -23.204309 ], [ -45.9531451, -23.2046491 ], [ -45.9531407, -23.2046521 ], [ -45.952864, -23.204838 ], [ -45.952859, -23.204847199999989 ], [ -45.952858, -23.204849 ], [ -45.952798, -23.2049217 ], [ -45.9527885, -23.2049332 ], [ -45.952735, -23.204998 ], [ -45.9527255, -23.2050214 ], [ -45.95271, -23.2050599 ], [ -45.9526947, -23.2050979 ], [ -45.952687, -23.205117 ], [ -45.952662, -23.205212 ], [ -45.952652, -23.205355 ], [ -45.952669, -23.205537 ], [ -45.952708, -23.205696 ], [ -45.952774, -23.205848 ], [ -45.952921, -23.2060402 ], [ -45.952982, -23.20612 ], [ -45.9531084, -23.206273 ], [ -45.953311, -23.206518 ], [ -45.9533185, -23.2065281 ], [ -45.953623, -23.206937 ], [ -45.953765, -23.207193 ], [ -45.953793, -23.207282 ], [ -45.953802, -23.207394 ], [ -45.953775, -23.207583 ], [ -45.953706, -23.207791 ], [ -45.9536976, -23.207807599999988 ], [ -45.953607, -23.207987 ], [ -45.9535, -23.208123 ], [ -45.953435, -23.208183 ], [ -45.953376, -23.208213 ], [ -45.953308, -23.208228 ], [ -45.953245, -23.208237 ], [ -45.953082, -23.208226 ], [ -45.952926, -23.208208 ], [ -45.952417, -23.208162 ], [ -45.9521671, -23.2081543 ], [ -45.9521278, -23.2081531 ], [ -45.9520877, -23.2081519 ], [ -45.951850557529326, -23.208144625280045 ], [ -45.951851807589435, -23.208321100721509 ], [ -45.950171649650144, -23.208331259722549 ], [ -45.949898318211574, -23.208449457150749 ], [ -45.949903879208854, -23.209236111785923 ], [ -45.951858205548966, -23.209224296307912 ] ] ], [ [ [ -45.954808947551584, -23.211916111388238 ], [ -45.954348572221789, -23.211918905802658 ], [ -45.954349380106287, -23.211940516764439 ], [ -45.954809218947929, -23.211954299836624 ], [ -45.954808947551584, -23.211916111388238 ] ] ] ] } },
{ "type": "Feature", "properties": { "fid": 118, "value": 1, "CD_MUN": "3524402", "NM_MUN": "Jacareí", "CD_RGI": "350049", "NM_RGI": "São José dos Campos", "CD_RGINT": "3511", "NM_RGINT": "São José dos Campos", "CD_UF": "35", "NM_UF": "São Paulo", "SIGLA_UF": "SP", "CD_REGIA": "3", "NM_REGIA": "Sudeste", "SIGLA_RG": "SE", "CD_CONCU": "3549904", "NM_CONCU": "São José dos Campos/SP", "AREA_KM2": 464.272 }, "geometry": { "type": "MultiPolygon", "coordinates": [ [ [ [ -45.962613447887385, -23.210062069887087 ], [ -45.962619918717948, -23.210965262425546 ], [ -45.960665573213198, -23.210977212458403 ], [ -45.960659115515014, -23.210074019401702 ], [ -45.959681948842366, -23.210079985055152 ], [ -45.9596948514302, -23.211886371580615 ], [ -45.958717671300938, -23.211892331681735 ], [ -45.9587241165138, -23.212795525044861 ], [ -45.959701303209947, -23.212789564685284 ], [ -45.95970775531358, -23.213692757684573 ], [ -45.961662140868235, -23.21368081823757 ], [ -45.961655675630219, -23.212777625756008 ], [ -45.966541600995434, -23.212747672207506 ], [ -45.966528605826433, -23.210941289526016 ], [ -45.963597090983193, -23.21095927830488 ], [ -45.963590613586447, -23.210056086025929 ], [ -45.962613447887385, -23.210062069887087 ] ] ] ] } },
{ "type": "Feature", "properties": { "fid": 120, "value": 1, "CD_MUN": "3524402", "NM_MUN": "Jacareí", "CD_RGI": "350049", "NM_RGI": "São José dos Campos", "CD_RGINT": "3511", "NM_RGINT": "São José dos Campos", "CD_UF": "35", "NM_UF": "São Paulo", "SIGLA_UF": "SP", "CD_REGIA": "3", "NM_REGIA": "Sudeste", "SIGLA_RG": "SE", "CD_CONCU": "3549904", "NM_CONCU": "São José dos Campos/SP", "AREA_KM2": 464.272 }, "geometry": { "type": "MultiPolygon", "coordinates": [ [ [ [ -46.000742847902622, -23.212533748436368 ], [ -46.000749575819981, -23.213436930342333 ], [ -46.001726754857764, -23.213430708708604 ], [ -46.001720020373625, -23.212527527072425 ], [ -46.000742847902622, -23.212533748436368 ] ] ] ] } },
{ "type": "Feature", "properties": { "fid": 123, "value": 1, "CD_MUN": "3524402", "NM_MUN": "Jacareí", "CD_RGI": "350049", "NM_RGI": "São José dos Campos", "CD_RGINT": "3511", "NM_RGINT": "São José dos Campos", "CD_UF": "35", "NM_UF": "São Paulo", "SIGLA_UF": "SP", "CD_REGIA": "3", "NM_REGIA": "Sudeste", "SIGLA_RG": "SE", "CD_CONCU": "3549904", "NM_CONCU": "São José dos Campos/SP", "AREA_KM2": 464.272 }, "geometry": { "type": "MultiPolygon", "coordinates": [ [ [ [ -45.953851003908639, -23.214631624778775 ], [ -45.954828205354147, -23.214625694255222 ], [ -45.954824773245505, -23.214142824729251 ], [ -45.95453160952016, -23.214622717593787 ], [ -45.954452959002786, -23.214609028333182 ], [ -45.954462110487036, -23.214548764490953 ], [ -45.954501651321614, -23.214451128713748 ], [ -45.954520860973155, -23.214390803815736 ], [ -45.954509423359632, -23.214331550360516 ], [ -45.954464477334085, -23.214275156538712 ], [ -45.954405814453466, -23.214243194898501 ], [ -45.954336405953001, -23.214249371344426 ], [ -45.954268084298576, -23.214273692196365 ], [ -45.954219195502255, -23.214322133884089 ], [ -45.954146058328476, -23.214403689294027 ], [ -45.95409391289661, -23.214475383914728 ], [ -45.954038003798615, -23.214511412237403 ], [ -45.95392964959693, -23.214576958881338 ], [ -45.95385095812491, -23.214625176871671 ], [ -45.953851003908639, -23.214631624778775 ] ] ], [ [ [ -45.954823237966238, -23.213926819327938 ], [ -45.954816734017434, -23.213938904479633 ], [ -45.954823359554936, -23.213943926287946 ], [ -45.954823237966238, -23.213926819327938 ] ] ] ] } },
{ "type": "Feature", "properties": { "fid": 131, "value": 1, "CD_MUN": "3524402", "NM_MUN": "Jacareí", "CD_RGI": "350049", "NM_RGI": "São José dos Campos", "CD_RGINT": "3511", "NM_RGINT": "São José dos Campos", "CD_UF": "35", "NM_UF": "São Paulo", "SIGLA_UF": "SP", "CD_REGIA": "3", "NM_REGIA": "Sudeste", "SIGLA_RG": "SE", "CD_CONCU": "3549904", "NM_CONCU": "São José dos Campos/SP", "AREA_KM2": 464.272 }, "geometry": { "type": "MultiPolygon", "coordinates": [ [ [ [ -46.088665023154903, -23.209240047262973 ], [ -46.088672340938601, -23.210143204151819 ], [ -46.087695212977025, -23.210149965097141 ], [ -46.087702524562914, -23.211053122173332 ], [ -46.088679659089671, -23.211046360934816 ], [ -46.088694296493983, -23.212852674183257 ], [ -46.089671443784674, -23.212845906289171 ], [ -46.089686095791286, -23.214652218527217 ], [ -46.08870893536794, -23.214658987008256 ], [ -46.088716255356061, -23.215562143261959 ], [ -46.090670588968614, -23.215548599642979 ], [ -46.090619264845913, -23.209226507754419 ], [ -46.088665023154903, -23.209240047262973 ] ] ] ] } },
{ "type": "Feature", "properties": { "fid": 136, "value": 1, "CD_MUN": "3524402", "NM_MUN": "Jacareí", "CD_RGI": "350049", "NM_RGI": "São José dos Campos", "CD_RGINT": "3511", "NM_RGINT": "São José dos Campos", "CD_UF": "35", "NM_UF": "São Paulo", "SIGLA_UF": "SP", "CD_REGIA": "3", "NM_REGIA": "Sudeste", "SIGLA_RG": "SE", "CD_CONCU": "3549904", "NM_CONCU": "São José dos Campos/SP", "AREA_KM2": 464.272 }, "geometry": { "type": "MultiPolygon", "coordinates": [ [ [ [ -46.007501787994094, -23.201651903050401 ], [ -46.007508557798808, -23.202555084328733 ], [ -46.006531459573324, -23.202561339125879 ], [ -46.006544987076062, -23.204367701908655 ], [ -46.005567875384422, -23.204373951181186 ], [ -46.005574633081466, -23.205277132685357 ], [ -46.002643276280764, -23.20529584491085 ], [ -46.002656753307107, -23.207102209225948 ], [ -46.00461101777023, -23.207089739394839 ], [ -46.00460426595901, -23.206186557830886 ], [ -46.005581391117808, -23.206180314084023 ], [ -46.005588149493462, -23.207083495377162 ], [ -46.006565280877375, -23.207077245291419 ], [ -46.006572046157117, -23.207980426207953 ], [ -46.007549183766102, -23.207974169782798 ], [ -46.007569501339553, -23.21068371108516 ], [ -46.00659234403436, -23.21068996832437 ], [ -46.006599110672823, -23.211593148818764 ], [ -46.005621946461865, -23.211599400259942 ], [ -46.005635467624785, -23.213405761474302 ], [ -46.001726754857764, -23.213430708708604 ], [ -46.001733489679985, -23.214333890239253 ], [ -46.002710674946776, -23.214327662265521 ], [ -46.002730901145284, -23.217037205414051 ], [ -46.004685310069753, -23.21702472963328 ], [ -46.004678554529001, -23.21612154923023 ], [ -46.005655751914681, -23.216115302504221 ], [ -46.005648990145303, -23.215212122266472 ], [ -46.006626180623833, -23.215205869740874 ], [ -46.006619412626485, -23.214302689668671 ], [ -46.008573779429234, -23.214290166949201 ], [ -46.008560218186226, -23.212483807574134 ], [ -46.009537387943446, -23.212477537652951 ], [ -46.009503457963774, -23.207961638727543 ], [ -46.010480594551794, -23.207955364097462 ], [ -46.010473803013149, -23.20705218426788 ], [ -46.01242806203652, -23.207039617347899 ], [ -46.012421257710116, -23.206136437957824 ], [ -46.013398380145162, -23.206130145668727 ], [ -46.013391569596372, -23.205226966446016 ], [ -46.012414453725349, -23.205233258462194 ], [ -46.012400846780622, -23.203426899154316 ], [ -46.011423743695055, -23.203433184557717 ], [ -46.01141694729813, -23.202530004472838 ], [ -46.010439850434359, -23.202536283536887 ], [ -46.010433060941409, -23.201633103074105 ], [ -46.007501787994094, -23.201651903050401 ] ] ] ] } },
{ "type": "Feature", "properties": { "fid": 148, "value": 1, "CD_MUN": "3524402", "NM_MUN": "Jacareí", "CD_RGI": "350049", "NM_RGI": "São José dos Campos", "CD_RGINT": "3511", "NM_RGINT": "São José dos Campos", "CD_UF": "35", "NM_UF": "São Paulo", "SIGLA_UF": "SP", "CD_REGIA": "3", "NM_REGIA": "Sudeste", "SIGLA_RG": "SE", "CD_CONCU": "3549904", "NM_CONCU": "São José dos Campos/SP", "AREA_KM2": 464.272 }, "geometry": { "type": "MultiPolygon", "coordinates": [ [ [ [ -46.08480758372427, -23.215589157660439 ], [ -46.084814877811134, -23.216492314979586 ], [ -46.083837702419842, -23.216499053696428 ], [ -46.083852278556598, -23.218305368601495 ], [ -46.084829467083281, -23.218298629300296 ], [ -46.084822172264133, -23.217395472192869 ], [ -46.085799353856807, -23.217388727113342 ], [ -46.08579205283629, -23.216485570192486 ], [ -46.086769227494976, -23.216478819335148 ], [ -46.08676192027373, -23.215575662601132 ], [ -46.08480758372427, -23.215589157660439 ] ] ] ] } },
{ "type": "Feature", "properties": { "fid": 160, "value": 1, "CD_MUN": "3524402", "NM_MUN": "Jacareí", "CD_RGI": "350049", "NM_RGI": "São José dos Campos", "CD_RGINT": "3511", "NM_RGINT": "São José dos Campos", "CD_UF": "35", "NM_UF": "São Paulo", "SIGLA_UF": "SP", "CD_REGIA": "3", "NM_REGIA": "Sudeste", "SIGLA_RG": "SE", "CD_CONCU": "3549904", "NM_CONCU": "São José dos Campos/SP", "AREA_KM2": 464.272 }, "geometry": { "type": "MultiPolygon", "coordinates": [ [ [ [ -46.087739087998457, -23.215568905966524 ], [ -46.087753715942398, -23.21737521874277 ], [ -46.085799353856807, -23.217388727113342 ], [ -46.085813956997292, -23.219195040637441 ], [ -46.083859567173711, -23.219208525895244 ], [ -46.083852278556598, -23.218305368601495 ], [ -46.082875089664086, -23.218312101831906 ], [ -46.082896936907353, -23.221021574271315 ], [ -46.085828561603776, -23.221001353738068 ], [ -46.085821259117282, -23.220098197240691 ], [ -46.086798460047994, -23.220091445212532 ], [ -46.08678384303785, -23.218285132485583 ], [ -46.08873821752514, -23.218271611387838 ], [ -46.088716255356061, -23.215562143261959 ], [ -46.087739087998457, -23.215568905966524 ] ] ] ] } },
{ "type": "Feature", "properties": { "fid": 161, "value": 1, "CD_MUN": "3524402", "NM_MUN": "Jacareí", "CD_RGI": "350049", "NM_RGI": "São José dos Campos", "CD_RGINT": "3511", "NM_RGINT": "São José dos Campos", "CD_UF": "35", "NM_UF": "São Paulo", "SIGLA_UF": "SP", "CD_REGIA": "3", "NM_REGIA": "Sudeste", "SIGLA_RG": "SE", "CD_CONCU": "3549904", "NM_CONCU": "São José dos Campos/SP", "AREA_KM2": 464.272 }, "geometry": { "type": "MultiPolygon", "coordinates": [ [ [ [ -46.098524842508731, -23.220009947317116 ], [ -46.097547646001857, -23.220016772200072 ], [ -46.097555027313575, -23.220919925167504 ], [ -46.099509433093914, -23.220906268738403 ], [ -46.099497277820412, -23.219421608855889 ], [ -46.0994863, -23.21942 ], [ -46.099408, -23.2194085 ], [ -46.099391, -23.219406 ], [ -46.099351, -23.2194041 ], [ -46.098966, -23.2193857 ], [ -46.098889, -23.219382 ], [ -46.0988786, -23.2193806 ], [ -46.0987993, -23.2193702 ], [ -46.0985956, -23.2193432 ], [ -46.0985571, -23.2193381 ], [ -46.098519306545299, -23.219333157779147 ], [ -46.098524842508731, -23.220009947317116 ] ] ] ] } },
{ "type": "Feature", "properties": { "fid": 162, "value": 1, "CD_MUN": "3524402", "NM_MUN": "Jacareí", "CD_RGI": "350049", "NM_RGI": "São José dos Campos", "CD_RGINT": "3511", "NM_RGINT": "São José dos Campos", "CD_UF": "35", "NM_UF": "São Paulo", "SIGLA_UF": "SP", "CD_REGIA": "3", "NM_REGIA": "Sudeste", "SIGLA_RG": "SE", "CD_CONCU": "3549904", "NM_CONCU": "São José dos Campos/SP", "AREA_KM2": 464.272 }, "geometry": { "type": "MultiPolygon", "coordinates": [ [ [ [ -46.09361679337735, -23.217334547939714 ], [ -46.09362414730677, -23.218237702405698 ], [ -46.092646962087372, -23.218244496343551 ], [ -46.092661657917077, -23.220050805546936 ], [ -46.093638856272982, -23.220044011019983 ], [ -46.093646211309803, -23.220947165168269 ], [ -46.094623415865307, -23.220940364275283 ], [ -46.094601332157033, -23.218230902397156 ], [ -46.095578516637843, -23.218224096317929 ], [ -46.095573365623004, -23.217592620435585 ], [ -46.095298626876783, -23.217322841100557 ], [ -46.09361679337735, -23.217334547939714 ] ] ] ] } },
{ "type": "Feature", "properties": { "fid": 168, "value": 1, "CD_MUN": "3524402", "NM_MUN": "Jacareí", "CD_RGI": "350049", "NM_RGI": "São José dos Campos", "CD_RGINT": "3511", "NM_RGINT": "São José dos Campos", "CD_UF": "35", "NM_UF": "São Paulo", "SIGLA_UF": "SP", "CD_REGIA": "3", "NM_REGIA": "Sudeste", "SIGLA_RG": "SE", "CD_CONCU": "3549904", "NM_CONCU": "São José dos Campos/SP", "AREA_KM2": 464.272 }, "geometry": { "type": "MultiPolygon", "coordinates": [ [ [ [ -46.091684459192351, -23.220057594002665 ], [ -46.091691801091656, -23.220960748739799 ], [ -46.092669006385144, -23.220953959989782 ], [ -46.092661657917077, -23.220050805546936 ], [ -46.091684459192351, -23.220057594002665 ] ] ] ] } },
{ "type": "Feature", "properties": { "fid": 172, "value": 1, "CD_MUN": "3524402", "NM_MUN": "Jacareí", "CD_RGI": "350049", "NM_RGI": "São José dos Campos", "CD_RGINT": "3511", "NM_RGINT": "São José dos Campos", "CD_UF": "35", "NM_UF": "São Paulo", "SIGLA_UF": "SP", "CD_REGIA": "3", "NM_REGIA": "Sudeste", "SIGLA_RG": "SE", "CD_CONCU": "3549904", "NM_CONCU": "São José dos Campos/SP", "AREA_KM2": 464.272 }, "geometry": { "type": "MultiPolygon", "coordinates": [ [ [ [ -46.10342566129453, -23.221782034105459 ], [ -46.104402868709286, -23.221775172200701 ], [ -46.104391463389113, -23.220388348426358 ], [ -46.104212, -23.220246 ], [ -46.103916, -23.220167 ], [ -46.10341132221825, -23.220036920498831 ], [ -46.10342566129453, -23.221782034105459 ] ] ], [ [ [ -46.102433624824997, -23.219982587073652 ], [ -46.10318020591788, -23.219977350188088 ], [ -46.1029643, -23.2199217 ], [ -46.1029228, -23.219911 ], [ -46.1029206, -23.2199105 ], [ -46.10288, -23.2199 ], [ -46.1028544, -23.2198963 ], [ -46.1024555, -23.2198381 ], [ -46.102432411119196, -23.219834735799019 ], [ -46.102433624824997, -23.219982587073652 ] ] ] ] } },
{ "type": "Feature", "properties": { "fid": 177, "value": 1, "CD_MUN": "3524402", "NM_MUN": "Jacareí", "CD_RGI": "350049", "NM_RGI": "São José dos Campos", "CD_RGINT": "3511", "NM_RGINT": "São José dos Campos", "CD_UF": "35", "NM_UF": "São Paulo", "SIGLA_UF": "SP", "CD_REGIA": "3", "NM_REGIA": "Sudeste", "SIGLA_RG": "SE", "CD_CONCU": "3549904", "NM_CONCU": "São José dos Campos/SP", "AREA_KM2": 464.272 }, "geometry": { "type": "MultiPolygon", "coordinates": [ [ [ [ -46.095600620051322, -23.220933557310815 ], [ -46.095607988595432, -23.221836710763277 ], [ -46.097562408995778, -23.221823078029001 ], [ -46.097555027313575, -23.220919925167504 ], [ -46.095600620051322, -23.220933557310815 ] ] ] ] } },
{ "type": "Feature", "properties": { "fid": 187, "value": 1, "CD_MUN": "3524402", "NM_MUN": "Jacareí", "CD_RGI": "350049", "NM_RGI": "São José dos Campos", "CD_RGINT": "3511", "NM_RGINT": "São José dos Campos", "CD_UF": "35", "NM_UF": "São Paulo", "SIGLA_UF": "SP", "CD_REGIA": "3", "NM_REGIA": "Sudeste", "SIGLA_RG": "SE", "CD_CONCU": "3549904", "NM_CONCU": "São José dos Campos/SP", "AREA_KM2": 464.272 }, "geometry": { "type": "MultiPolygon", "coordinates": [ [ [ [ -46.075086485582545, -23.221978388136982 ], [ -46.075093716536998, -23.222881547625182 ], [ -46.076070941189023, -23.222874861512281 ], [ -46.076078179076333, -23.223778020604801 ], [ -46.078032640430159, -23.223764629582032 ], [ -46.07802538940301, -23.222861471069965 ], [ -46.077048165477805, -23.222868169327207 ], [ -46.077040921384146, -23.221965010418927 ], [ -46.075086485582545, -23.221978388136982 ] ] ] ] } },
{ "type": "Feature", "properties": { "fid": 206, "value": 1, "CD_MUN": "3524402", "NM_MUN": "Jacareí", "CD_RGI": "350049", "NM_RGI": "São José dos Campos", "CD_RGINT": "3511", "NM_RGINT": "São José dos Campos", "CD_UF": "35", "NM_UF": "São Paulo", "SIGLA_UF": "SP", "CD_REGIA": "3", "NM_REGIA": "Sudeste", "SIGLA_RG": "SE", "CD_CONCU": "3549904", "NM_CONCU": "São José dos Campos/SP", "AREA_KM2": 464.272 }, "geometry": { "type": "MultiPolygon", "coordinates": [ [ [ [ -46.077091637675245, -23.228287120553933 ], [ -46.077098884314161, -23.229190278721209 ], [ -46.078076154235703, -23.229183578431375 ], [ -46.078068901024892, -23.228280420554494 ], [ -46.077091637675245, -23.228287120553933 ] ] ] ] } },
{ "type": "Feature", "properties": { "fid": 213, "value": 1, "CD_MUN": "3524402", "NM_MUN": "Jacareí", "CD_RGI": "350049", "NM_RGI": "São José dos Campos", "CD_RGINT": "3511", "NM_RGINT": "São José dos Campos", "CD_UF": "35", "NM_UF": "São Paulo", "SIGLA_UF": "SP", "CD_REGIA": "3", "NM_REGIA": "Sudeste", "SIGLA_RG": "SE", "CD_CONCU": "3549904", "NM_CONCU": "São José dos Campos/SP", "AREA_KM2": 464.272 }, "geometry": { "type": "MultiPolygon", "coordinates": [ [ [ [ -46.077106131316732, -23.230093436782603 ], [ -46.077113378682967, -23.230996594738127 ], [ -46.078090661749293, -23.230989893867527 ], [ -46.078083407810503, -23.230086736202392 ], [ -46.077106131316732, -23.230093436782603 ] ] ] ] } },
{ "type": "Feature", "properties": { "fid": 227, "value": 1, "CD_MUN": "3524402", "NM_MUN": "Jacareí", "CD_RGI": "350049", "NM_RGI": "São José dos Campos", "CD_RGINT": "3511", "NM_RGINT": "São José dos Campos", "CD_UF": "35", "NM_UF": "São Paulo", "SIGLA_UF": "SP", "CD_REGIA": "3", "NM_REGIA": "Sudeste", "SIGLA_RG": "SE", "CD_CONCU": "3549904", "NM_CONCU": "São José dos Campos/SP", "AREA_KM2": 464.272 }, "geometry": { "type": "MultiPolygon", "coordinates": [ [ [ [ -46.074195983688355, -23.232822978235284 ], [ -46.074203212424948, -23.233726136742789 ], [ -46.071271298621681, -23.233746150838002 ], [ -46.071285717738483, -23.235552469269894 ], [ -46.073240353599324, -23.235539131459287 ], [ -46.073233130711536, -23.234635972874194 ], [ -46.075187751974262, -23.23462261133901 ], [ -46.075173280990875, -23.232816295009108 ], [ -46.074195983688355, -23.232822978235284 ] ] ] ] } },
{ "type": "Feature", "properties": { "fid": 236, "value": 1, "CD_MUN": "3524402", "NM_MUN": "Jacareí", "CD_RGI": "350049", "NM_RGI": "São José dos Campos", "CD_RGINT": "3511", "NM_RGINT": "São José dos Campos", "CD_UF": "35", "NM_UF": "São Paulo", "SIGLA_UF": "SP", "CD_REGIA": "3", "NM_REGIA": "Sudeste", "SIGLA_RG": "SE", "CD_CONCU": "3549904", "NM_CONCU": "São José dos Campos/SP", "AREA_KM2": 464.272 }, "geometry": { "type": "MultiPolygon", "coordinates": [ [ [ [ -46.123113307408708, -23.238803378840203 ], [ -46.123424646552337, -23.238801153037731 ], [ -46.123388, -23.238606 ], [ -46.123228, -23.238268 ], [ -46.123107845522178, -23.238150860175342 ], [ -46.123113307408708, -23.238803378840203 ] ] ] ] } },
{ "type": "Feature", "properties": { "fid": 250, "value": 1, "CD_MUN": "3524402", "NM_MUN": "Jacareí", "CD_RGI": "350049", "NM_RGI": "São José dos Campos", "CD_RGINT": "3511", "NM_RGINT": "São José dos Campos", "CD_UF": "35", "NM_UF": "São Paulo", "SIGLA_UF": "SP", "CD_REGIA": "3", "NM_REGIA": "Sudeste", "SIGLA_RG": "SE", "CD_CONCU": "3549904", "NM_CONCU": "São José dos Campos/SP", "AREA_KM2": 464.272 }, "geometry": { "type": "MultiPolygon", "coordinates": [ [ [ [ -46.118264317577314, -23.243353954433839 ], [ -46.118271846645371, -23.24425709837551 ], [ -46.119249212760529, -23.244250137860725 ], [ -46.119241677115447, -23.243346994220563 ], [ -46.118264317577314, -23.243353954433839 ] ] ] ] } },
{ "type": "Feature", "properties": { "fid": 254, "value": 1, "CD_MUN": "3524402", "NM_MUN": "Jacareí", "CD_RGI": "350049", "NM_RGI": "São José dos Campos", "CD_RGINT": "3511", "NM_RGINT": "São José dos Campos", "CD_UF": "35", "NM_UF": "São Paulo", "SIGLA_UF": "SP", "CD_REGIA": "3", "NM_REGIA": "Sudeste", "SIGLA_RG": "SE", "CD_CONCU": "3549904", "NM_CONCU": "São José dos Campos/SP", "AREA_KM2": 464.272 }, "geometry": { "type": "MultiPolygon", "coordinates": [ [ [ [ -46.115339746035048, -23.244277943451277 ], [ -46.115347255748624, -23.245181088189788 ], [ -46.114369881547269, -23.245188024692606 ], [ -46.114377385059818, -23.246091169625494 ], [ -46.117309526266624, -23.246070340979749 ], [ -46.117302003020875, -23.245167196949019 ], [ -46.118279376091117, -23.245160242211085 ], [ -46.118271846645371, -23.24425709837551 ], [ -46.115339746035048, -23.244277943451277 ] ] ] ] } },
{ "type": "Feature", "properties": { "fid": 256, "value": 1, "CD_MUN": "3524402", "NM_MUN": "Jacareí", "CD_RGI": "350049", "NM_RGI": "São José dos Campos", "CD_RGINT": "3511", "NM_RGINT": "São José dos Campos", "CD_UF": "35", "NM_UF": "São Paulo", "SIGLA_UF": "SP", "CD_REGIA": "3", "NM_REGIA": "Sudeste", "SIGLA_RG": "SE", "CD_CONCU": "3549904", "NM_CONCU": "São José dos Campos/SP", "AREA_KM2": 464.272 }, "geometry": { "type": "MultiPolygon", "coordinates": [ [ [ [ -46.11241513201572, -23.245201879463046 ], [ -46.112422622372755, -23.246105024996062 ], [ -46.113400003904317, -23.246098100350107 ], [ -46.113392506969518, -23.245194955117025 ], [ -46.11241513201572, -23.245201879463046 ] ] ] ] } },
{ "type": "Feature", "properties": { "fid": 266, "value": 1, "CD_MUN": "3524402", "NM_MUN": "Jacareí", "CD_RGI": "350049", "NM_RGI": "São José dos Campos", "CD_RGINT": "3511", "NM_RGINT": "São José dos Campos", "CD_UF": "35", "NM_UF": "São Paulo", "SIGLA_UF": "SP", "CD_REGIA": "3", "NM_REGIA": "Sudeste", "SIGLA_RG": "SE", "CD_CONCU": "3549904", "NM_CONCU": "São José dos Campos/SP", "AREA_KM2": 464.272 }, "geometry": { "type": "MultiPolygon", "coordinates": [ [ [ [ -46.116354698507742, -23.24878672229892 ], [ -46.116362216684053, -23.249689866206268 ], [ -46.118317028985608, -23.249675959797532 ], [ -46.118324560697744, -23.250579102996518 ], [ -46.119301972861386, -23.250572140371112 ], [ -46.119294434569909, -23.249668997473659 ], [ -46.120271839776116, -23.249662029070116 ], [ -46.120264295283725, -23.248758886368336 ], [ -46.116354698507742, -23.24878672229892 ] ] ] ] } },
{ "type": "Feature", "properties": { "fid": 268, "value": 1, "CD_MUN": "3524402", "NM_MUN": "Jacareí", "CD_RGI": "350049", "NM_RGI": "São José dos Campos", "CD_RGINT": "3511", "NM_RGINT": "São José dos Campos", "CD_UF": "35", "NM_UF": "São Paulo", "SIGLA_UF": "SP", "CD_REGIA": "3", "NM_REGIA": "Sudeste", "SIGLA_RG": "SE", "CD_CONCU": "3549904", "NM_CONCU": "São José dos Campos/SP", "AREA_KM2": 464.272 }, "geometry": { "type": "MultiPolygon", "coordinates": [ [ [ [ -46.075310813975662, -23.249976283040425 ], [ -46.07531805618558, -23.250879439246049 ], [ -46.074340627348867, -23.250886128265133 ], [ -46.07434786334187, -23.2517892846545 ], [ -46.076302733812369, -23.251775899956346 ], [ -46.076295484659035, -23.250872744146612 ], [ -46.077272912768905, -23.250866042966855 ], [ -46.07726565739933, -23.249962887341379 ], [ -46.075310813975662, -23.249976283040425 ] ] ] ] } },
{ "type": "Feature", "properties": { "fid": 273, "value": 1, "CD_MUN": "3524402", "NM_MUN": "Jacareí", "CD_RGI": "350049", "NM_RGI": "São José dos Campos", "CD_RGINT": "3511", "NM_RGINT": "São José dos Campos", "CD_UF": "35", "NM_UF": "São Paulo", "SIGLA_UF": "SP", "CD_REGIA": "3", "NM_REGIA": "Sudeste", "SIGLA_RG": "SE", "CD_CONCU": "3549904", "NM_CONCU": "São José dos Campos/SP", "AREA_KM2": 464.272 }, "geometry": { "type": "MultiPolygon", "coordinates": [ [ [ [ -46.073370427562047, -23.251795967882661 ], [ -46.073377657337474, -23.252699124455514 ], [ -46.074355099697804, -23.252692440937928 ], [ -46.07434786334187, -23.2517892846545 ], [ -46.073370427562047, -23.251795967882661 ] ] ] ] } },
{ "type": "Feature", "properties": { "fid": 277, "value": 1, "CD_MUN": "3524402", "NM_MUN": "Jacareí", "CD_RGI": "350049", "NM_RGI": "São José dos Campos", "CD_RGINT": "3511", "NM_RGINT": "São José dos Campos", "CD_UF": "35", "NM_UF": "São Paulo", "SIGLA_UF": "SP", "CD_REGIA": "3", "NM_REGIA": "Sudeste", "SIGLA_RG": "SE", "CD_CONCU": "3549904", "NM_CONCU": "São José dos Campos/SP", "AREA_KM2": 464.272 }, "geometry": { "type": "MultiPolygon", "coordinates": [ [ [ [ -46.072400214614525, -23.252705801892205 ], [ -46.072407438171702, -23.253608958648282 ], [ -46.073384887475505, -23.253602280922415 ], [ -46.073377657337474, -23.252699124455514 ], [ -46.072400214614525, -23.252705801892205 ] ] ] ] } },
{ "type": "Feature", "properties": { "fid": 281, "value": 1, "CD_MUN": "3524402", "NM_MUN": "Jacareí", "CD_RGI": "350049", "NM_RGI": "São José dos Campos", "CD_RGINT": "3511", "NM_RGINT": "São José dos Campos", "CD_UF": "35", "NM_UF": "São Paulo", "SIGLA_UF": "SP", "CD_REGIA": "3", "NM_REGIA": "Sudeste", "SIGLA_RG": "SE", "CD_CONCU": "3549904", "NM_CONCU": "São José dos Campos/SP", "AREA_KM2": 464.272 }, "geometry": { "type": "MultiPolygon", "coordinates": [ [ [ [ -45.972686108628075, -23.251548585854525 ], [ -45.969753712217837, -23.25156671921221 ], [ -45.969766776252769, -23.253373090835193 ], [ -45.970744255213788, -23.253367051940881 ], [ -45.970744714891516, -23.25343054454606 ], [ -45.970769695446322, -23.253431473574068 ], [ -45.970805608033317, -23.25343043046988 ], [ -45.970841669635192, -23.253427003127559 ], [ -45.970877135177524, -23.253421638591725 ], [ -45.970912302690095, -23.253414187847543 ], [ -45.970946427098482, -23.253404501880105 ], [ -45.970980253477094, -23.253392729704277 ], [ -45.971012887736642, -23.253378871320091 ], [ -45.971044925936653, -23.253363224757294 ], [ -45.971075324972929, -23.253345044941486 ], [ -45.971104382875268, -23.253325673006586 ], [ -45.971132248658535, -23.253304214863327 ], [ -45.97140867126793, -23.252987558235308 ], [ -45.971696269993615, -23.252686548170082 ], [ -45.971827999150868, -23.252550050536538 ], [ -45.971939760313717, -23.252432626808137 ], [ -45.972041388464504, -23.252319673526216 ], [ -45.972252691569629, -23.252056811271256 ], [ -45.972330179309182, -23.251949520554934 ], [ -45.972437171995743, -23.251792458867438 ], [ -45.972521067375325, -23.251678313466467 ], [ -45.972529859253456, -23.251661474784534 ], [ -45.972540290295314, -23.251643443983667 ], [ -45.972551168381827, -23.251627499391091 ], [ -45.972563387602293, -23.251611256768761 ], [ -45.972576947956718, -23.251596653310155 ], [ -45.972622037776922, -23.251572949808697 ], [ -45.972654538962594, -23.251562123628631 ], [ -45.972688480629358, -23.251551731225256 ], [ -45.972730107026571, -23.251543947446471 ], [ -45.973071627440909, -23.25172998124776 ], [ -45.9731556655953, -23.251591558152434 ], [ -45.973403196036223, -23.251355738440683 ], [ -45.973664050181796, -23.251608186910005 ], [ -45.973657015591606, -23.250639344317225 ], [ -45.972679557359214, -23.25064540067001 ], [ -45.972686108628075, -23.251548585854525 ] ] ], [ [ [ -45.970750794304635, -23.254270237332523 ], [ -45.971508259177121, -23.254265553336669 ], [ -45.970745509771852, -23.253540336202946 ], [ -45.970750794304635, -23.254270237332523 ] ] ], [ [ [ -45.971734825520706, -23.255167377118916 ], [ -45.972354133206856, -23.255163543734191 ], [ -45.972294843217071, -23.255080308601698 ], [ -45.972212139913246, -23.254940704731972 ], [ -45.971729821148536, -23.254476902554583 ], [ -45.971734825520706, -23.255167377118916 ] ] ], [ [ [ -45.97271886990162, -23.256064510193596 ], [ -45.973696367624491, -23.256058452266981 ], [ -45.97368980812994, -23.255155267872617 ], [ -45.974667298941263, -23.255149204126006 ], [ -45.97466073319346, -23.254246019888651 ], [ -45.975638217093262, -23.254239950322585 ], [ -45.975631645092861, -23.25333676624248 ], [ -45.975531699846556, -23.253337387096732 ], [ -45.975534244946232, -23.253339649807447 ], [ -45.973072839160601, -23.255647326912097 ], [ -45.972714227528357, -23.255424658843236 ], [ -45.97271886990162, -23.256064510193596 ] ] ], [ [ [ -45.974027254483943, -23.253346724942126 ], [ -45.974057695338743, -23.253362137626606 ], [ -45.974294237148897, -23.253405572318396 ], [ -45.974412488416618, -23.25335002039057 ], [ -45.97452444816529, -23.253365398039016 ], [ -45.974568272456615, -23.253343368591828 ], [ -45.974027254483943, -23.253346724942126 ] ] ], [ [ [ -45.973671934905617, -23.252694052500562 ], [ -45.973632941147507, -23.252757118094333 ], [ -45.973672550541949, -23.252778833723877 ], [ -45.973671934905617, -23.252694052500562 ] ] ], [ [ [ -45.97366701931422, -23.252017096537156 ], [ -45.973483107464951, -23.251905263134464 ], [ -45.973505757727281, -23.251919568563299 ], [ -45.973667020590469, -23.252017272300655 ], [ -45.97366701931422, -23.252017096537156 ] ] ] ] } },
{ "type": "Feature", "properties": { "fid": 283, "value": 1, "CD_MUN": "3524402", "NM_MUN": "Jacareí", "CD_RGI": "350049", "NM_RGI": "São José dos Campos", "CD_RGINT": "3511", "NM_RGINT": "São José dos Campos", "CD_UF": "35", "NM_UF": "São Paulo", "SIGLA_UF": "SP", "CD_REGIA": "3", "NM_REGIA": "Sudeste", "SIGLA_RG": "SE", "CD_CONCU": "3549904", "NM_CONCU": "São José dos Campos/SP", "AREA_KM2": 464.272 }, "geometry": { "type": "MultiPolygon", "coordinates": [ [ [ [ -46.070459749234615, -23.254525453084195 ], [ -46.070466960353329, -23.255428610205957 ], [ -46.072421886372958, -23.255415271842615 ], [ -46.072414662091177, -23.254512115298422 ], [ -46.070459749234615, -23.254525453084195 ] ] ] ] } },
{ "type": "Feature", "properties": { "fid": 285, "value": 1, "CD_MUN": "3524402", "NM_MUN": "Jacareí", "CD_RGI": "350049", "NM_RGI": "São José dos Campos", "CD_RGINT": "3511", "NM_RGINT": "São José dos Campos", "CD_UF": "35", "NM_UF": "São Paulo", "SIGLA_UF": "SP", "CD_REGIA": "3", "NM_REGIA": "Sudeste", "SIGLA_RG": "SE", "CD_CONCU": "3549904", "NM_CONCU": "São José dos Campos/SP", "AREA_KM2": 464.272 }, "geometry": { "type": "MultiPolygon", "coordinates": [ [ [ [ -46.069489496800863, -23.255435270265071 ], [ -46.069496701699364, -23.256338427569272 ], [ -46.070474171833709, -23.25633176722177 ], [ -46.070466960353329, -23.255428610205957 ], [ -46.069489496800863, -23.255435270265071 ] ] ] ] } },
{ "type": "Feature", "properties": { "fid": 287, "value": 1, "CD_MUN": "3524402", "NM_MUN": "Jacareí", "CD_RGI": "350049", "NM_RGI": "São José dos Campos", "CD_RGINT": "3511", "NM_RGINT": "São José dos Campos", "CD_UF": "35", "NM_UF": "São Paulo", "SIGLA_UF": "SP", "CD_REGIA": "3", "NM_REGIA": "Sudeste", "SIGLA_RG": "SE", "CD_CONCU": "3549904", "NM_CONCU": "São José dos Campos/SP", "AREA_KM2": 464.272 }, "geometry": { "type": "MultiPolygon", "coordinates": [ [ [ [ -45.990307106912859, -23.255051356994095 ], [ -45.990313778309599, -23.255954536888829 ], [ -45.988358793804778, -23.255966853464574 ], [ -45.988372111270444, -23.257773214003763 ], [ -45.990327122106869, -23.257760896361365 ], [ -45.990320450040933, -23.256857716677921 ], [ -45.991297948374338, -23.256851548999347 ], [ -45.991284592081151, -23.255045189849639 ], [ -45.990307106912859, -23.255051356994095 ] ] ] ] } },
{ "type": "Feature", "properties": { "fid": 290, "value": 1, "CD_MUN": "3524402", "NM_MUN": "Jacareí", "CD_RGI": "350049", "NM_RGI": "São José dos Campos", "CD_RGINT": "3511", "NM_RGINT": "São José dos Campos", "CD_UF": "35", "NM_UF": "São Paulo", "SIGLA_UF": "SP", "CD_REGIA": "3", "NM_REGIA": "Sudeste", "SIGLA_RG": "SE", "CD_CONCU": "3549904", "NM_CONCU": "São José dos Campos/SP", "AREA_KM2": 464.272 }, "geometry": { "type": "MultiPolygon", "coordinates": [ [ [ [ -46.068526429881295, -23.257248239321182 ], [ -46.068533628919944, -23.258151396701646 ], [ -46.069511112580393, -23.258144741859866 ], [ -46.069503906959206, -23.257241584767534 ], [ -46.068526429881295, -23.257248239321182 ] ] ] ] } },
{ "type": "Feature", "properties": { "fid": 291, "value": 1, "CD_MUN": "3524402", "NM_MUN": "Jacareí", "CD_RGI": "350049", "NM_RGI": "São José dos Campos", "CD_RGINT": "3511", "NM_RGINT": "São José dos Campos", "CD_UF": "35", "NM_UF": "São Paulo", "SIGLA_UF": "SP", "CD_REGIA": "3", "NM_REGIA": "Sudeste", "SIGLA_RG": "SE", "CD_CONCU": "3549904", "NM_CONCU": "São José dos Campos/SP", "AREA_KM2": 464.272 }, "geometry": { "type": "MultiPolygon", "coordinates": [ [ [ [ -45.987394605351135, -23.257779363700521 ], [ -45.987401258001476, -23.258682544077939 ], [ -45.988378770504191, -23.258676394114904 ], [ -45.988372111270444, -23.257773214003763 ], [ -45.987394605351135, -23.257779363700521 ] ] ] ] } },
{ "type": "Feature", "properties": { "fid": 308, "value": 1, "CD_MUN": "3524402", "NM_MUN": "Jacareí", "CD_RGI": "350049", "NM_RGI": "São José dos Campos", "CD_RGINT": "3511", "NM_RGINT": "São José dos Campos", "CD_UF": "35", "NM_UF": "São Paulo", "SIGLA_UF": "SP", "CD_REGIA": "3", "NM_REGIA": "Sudeste", "SIGLA_RG": "SE", "CD_CONCU": "3549904", "NM_CONCU": "São José dos Campos/SP", "AREA_KM2": 464.272 }, "geometry": { "type": "MultiPolygon", "coordinates": [ [ [ [ -46.031430685997677, -23.263818780048492 ], [ -46.031444589013226, -23.265625114730021 ], [ -46.033399688310467, -23.26561225679491 ], [ -46.033385758953223, -23.263805923226517 ], [ -46.031430685997677, -23.263818780048492 ] ] ] ] } },
{ "type": "Feature", "properties": { "fid": 312, "value": 1, "CD_MUN": "3524402", "NM_MUN": "Jacareí", "CD_RGI": "350049", "NM_RGI": "São José dos Campos", "CD_RGINT": "3511", "NM_RGINT": "São José dos Campos", "CD_UF": "35", "NM_UF": "São Paulo", "SIGLA_UF": "SP", "CD_REGIA": "3", "NM_REGIA": "Sudeste", "SIGLA_RG": "SE", "CD_CONCU": "3549904", "NM_CONCU": "São José dos Campos/SP", "AREA_KM2": 464.272 }, "geometry": { "type": "MultiPolygon", "coordinates": [ [ [ [ -46.043154072722025, -23.262838109908788 ], [ -46.043161102725477, -23.263741274053139 ], [ -46.042183569929108, -23.263747766350097 ], [ -46.042197617822936, -23.265554094883303 ], [ -46.041220071503737, -23.265560581657493 ], [ -46.041234107634409, -23.267366910328825 ], [ -46.042211667125578, -23.267360422993043 ], [ -46.042204642298152, -23.26645725899111 ], [ -46.044159747051218, -23.266444266625772 ], [ -46.044145672110439, -23.264637939429033 ], [ -46.045123210786578, -23.264631434681856 ], [ -46.04510912408729, -23.262825107624785 ], [ -46.043154072722025, -23.262838109908788 ] ] ] ] } },
{ "type": "Feature", "properties": { "fid": 313, "value": 1, "CD_MUN": "3524402", "NM_MUN": "Jacareí", "CD_RGI": "350049", "NM_RGI": "São José dos Campos", "CD_RGINT": "3511", "NM_RGINT": "São José dos Campos", "CD_UF": "35", "NM_UF": "São Paulo", "SIGLA_UF": "SP", "CD_REGIA": "3", "NM_REGIA": "Sudeste", "SIGLA_RG": "SE", "CD_CONCU": "3549904", "NM_CONCU": "São José dos Campos/SP", "AREA_KM2": 464.272 }, "geometry": { "type": "MultiPolygon", "coordinates": [ [ [ [ -46.065644259080507, -23.263590271966898 ], [ -46.063689209510592, -23.263603530351212 ], [ -46.063703547153281, -23.265409846396569 ], [ -46.064681085288285, -23.265403219672788 ], [ -46.064673909701973, -23.264500061989931 ], [ -46.065651440891948, -23.264493429468601 ], [ -46.065654456871073, -23.264872694087771 ], [ -46.065670226281, -23.264859544203794 ], [ -46.066586228428726, -23.264356407996083 ], [ -46.067690527551356, -23.264784234101864 ], [ -46.06819612505813, -23.264936137549814 ], [ -46.068674336129192, -23.264914923138907 ], [ -46.069217801712739, -23.264935169073375 ], [ -46.06956609813701, -23.265035171590323 ], [ -46.06956156204739, -23.26446683853953 ], [ -46.067606502191225, -23.264480146172801 ], [ -46.06759930721001, -23.263576989246097 ], [ -46.066621783325481, -23.263583633648555 ], [ -46.066614595289593, -23.262680476328264 ], [ -46.065637077629184, -23.262687114359242 ], [ -46.065644259080507, -23.263590271966898 ] ] ], [ [ [ -46.069583188668865, -23.267176306955676 ], [ -46.069581387880795, -23.266950712716078 ], [ -46.069389603622867, -23.267177625874272 ], [ -46.069583188668865, -23.267176306955676 ] ] ] ] } },
{ "type": "Feature", "properties": { "fid": 317, "value": 1, "CD_MUN": "3524402", "NM_MUN": "Jacareí", "CD_RGI": "350049", "NM_RGI": "São José dos Campos", "CD_RGINT": "3511", "NM_RGINT": "São José dos Campos", "CD_UF": "35", "NM_UF": "São Paulo", "SIGLA_UF": "SP", "CD_REGIA": "3", "NM_REGIA": "Sudeste", "SIGLA_RG": "SE", "CD_CONCU": "3549904", "NM_CONCU": "São José dos Campos/SP", "AREA_KM2": 464.272 }, "geometry": { "type": "MultiPolygon", "coordinates": [ [ [ [ -46.040256547791351, -23.267373391579202 ], [ -46.040263559798035, -23.268276556036607 ], [ -46.041241126227582, -23.268270074505693 ], [ -46.041234107634409, -23.267366910328825 ], [ -46.040256547791351, -23.267373391579202 ] ] ] ] } },
{ "type": "Feature", "properties": { "fid": 324, "value": 1, "CD_MUN": "3524402", "NM_MUN": "Jacareí", "CD_RGI": "350049", "NM_RGI": "São José dos Campos", "CD_RGINT": "3511", "NM_RGINT": "São José dos Campos", "CD_UF": "35", "NM_UF": "São Paulo", "SIGLA_UF": "SP", "CD_REGIA": "3", "NM_REGIA": "Sudeste", "SIGLA_RG": "SE", "CD_CONCU": "3549904", "NM_CONCU": "São José dos Campos/SP", "AREA_KM2": 464.272 }, "geometry": { "type": "MultiPolygon", "coordinates": [ [ [ [ -45.964989914065306, -23.268757357988704 ], [ -45.965002924675964, -23.270563728207303 ], [ -45.966958135769744, -23.270551695261304 ], [ -45.966951617125474, -23.269648510725595 ], [ -45.96597401832976, -23.269654529981487 ], [ -45.96596750659991, -23.268751345079643 ], [ -45.964989914065306, -23.268757357988704 ] ] ] ] } },
{ "type": "Feature", "properties": { "fid": 329, "value": 1, "CD_MUN": "3524402", "NM_MUN": "Jacareí", "CD_RGI": "350049", "NM_RGI": "São José dos Campos", "CD_RGINT": "3511", "NM_RGINT": "São José dos Campos", "CD_UF": "35", "NM_UF": "São Paulo", "SIGLA_UF": "SP", "CD_REGIA": "3", "NM_REGIA": "Sudeste", "SIGLA_RG": "SE", "CD_CONCU": "3549904", "NM_CONCU": "São José dos Campos/SP", "AREA_KM2": 464.272 }, "geometry": { "type": "MultiPolygon", "coordinates": [ [ [ [ -46.121392786935587, -23.266814740015278 ], [ -46.121400345584128, -23.267717880292011 ], [ -46.119445272251625, -23.267731835257202 ], [ -46.119467910953588, -23.270441257262295 ], [ -46.120445467567954, -23.270434281916529 ], [ -46.120430361548792, -23.268628001289738 ], [ -46.1223854472955, -23.268614033550175 ], [ -46.122393013288239, -23.269517173312128 ], [ -46.123370562179012, -23.269510180011935 ], [ -46.123347845581037, -23.266800761315501 ], [ -46.121392786935587, -23.266814740015278 ] ] ] ] } },
{ "type": "Feature", "properties": { "fid": 331, "value": 1, "CD_MUN": "3524402", "NM_MUN": "Jacareí", "CD_RGI": "350049", "NM_RGI": "São José dos Campos", "CD_RGINT": "3511", "NM_RGINT": "São José dos Campos", "CD_UF": "35", "NM_UF": "São Paulo", "SIGLA_UF": "SP", "CD_REGIA": "3", "NM_REGIA": "Sudeste", "SIGLA_RG": "SE", "CD_CONCU": "3549904", "NM_CONCU": "São José dos Campos/SP", "AREA_KM2": 464.272 }, "geometry": { "type": "MultiPolygon", "coordinates": [ [ [ [ -46.115550160450091, -23.269565956021019 ], [ -46.115557680715924, -23.270469097788084 ], [ -46.116535238841713, -23.270462146785249 ], [ -46.116542766071547, -23.271365288145315 ], [ -46.118497894364609, -23.271351367279959 ], [ -46.118482813935152, -23.269545085658542 ], [ -46.115550160450091, -23.269565956021019 ] ] ] ] } },
{ "type": "Feature", "properties": { "fid": 340, "value": 1, "CD_MUN": "3524402", "NM_MUN": "Jacareí", "CD_RGI": "350049", "NM_RGI": "São José dos Campos", "CD_RGINT": "3511", "NM_RGINT": "São José dos Campos", "CD_UF": "35", "NM_UF": "São Paulo", "SIGLA_UF": "SP", "CD_REGIA": "3", "NM_REGIA": "Sudeste", "SIGLA_RG": "SE", "CD_CONCU": "3549904", "NM_CONCU": "São José dos Campos/SP", "AREA_KM2": 464.272 }, "geometry": { "type": "MultiPolygon", "coordinates": [ [ [ [ -46.060828137461044, -23.272654956875211 ], [ -46.060842442763509, -23.274461272519499 ], [ -46.061820047846837, -23.274454661188987 ], [ -46.061827207624845, -23.275357818566082 ], [ -46.062804818938162, -23.275351200861891 ], [ -46.062790486563586, -23.273544886574438 ], [ -46.061812888427745, -23.273551503705917 ], [ -46.061805729367542, -23.272648346116881 ], [ -46.060828137461044, -23.272654956875211 ] ] ] ] } },
{ "type": "Feature", "properties": { "fid": 342, "value": 1, "CD_MUN": "3524402", "NM_MUN": "Jacareí", "CD_RGI": "350049", "NM_RGI": "São José dos Campos", "CD_RGINT": "3511", "NM_RGINT": "São José dos Campos", "CD_UF": "35", "NM_UF": "São Paulo", "SIGLA_UF": "SP", "CD_REGIA": "3", "NM_REGIA": "Sudeste", "SIGLA_RG": "SE", "CD_CONCU": "3549904", "NM_CONCU": "São José dos Campos/SP", "AREA_KM2": 464.272 }, "geometry": { "type": "MultiPolygon", "coordinates": [ [ [ [ -45.915175460254979, -23.275378330090863 ], [ -45.915181631582179, -23.276281527438741 ], [ -45.916159293043236, -23.276275822967911 ], [ -45.916153115125624, -23.275372625866879 ], [ -45.915175460254979, -23.275378330090863 ] ] ] ] } },
{ "type": "Feature", "properties": { "fid": 346, "value": 1, "CD_MUN": "3524402", "NM_MUN": "Jacareí", "CD_RGI": "350049", "NM_RGI": "São José dos Campos", "CD_RGINT": "3511", "NM_RGINT": "São José dos Campos", "CD_UF": "35", "NM_UF": "São Paulo", "SIGLA_UF": "SP", "CD_REGIA": "3", "NM_REGIA": "Sudeste", "SIGLA_RG": "SE", "CD_CONCU": "3549904", "NM_CONCU": "São José dos Campos/SP", "AREA_KM2": 464.272 }, "geometry": { "type": "MultiPolygon", "coordinates": [ [ [ [ -46.058801579301281, -23.263636569839406 ], [ -46.058822987525375, -23.266346048039349 ], [ -46.059800534040036, -23.266339451453455 ], [ -46.059814821150795, -23.268145769152696 ], [ -46.058837261463886, -23.268152366309661 ], [ -46.058851536833785, -23.269958684156212 ], [ -46.057873963615449, -23.269965275798246 ], [ -46.057881095249904, -23.270868434847898 ], [ -46.056903515086724, -23.270875020688909 ], [ -46.056896390039562, -23.269971861354236 ], [ -46.055918816106477, -23.269978440824183 ], [ -46.055911698003506, -23.269075281098822 ], [ -46.054934130300531, -23.26908185419822 ], [ -46.054941241816508, -23.269985014208078 ], [ -46.053963667169995, -23.269991581505906 ], [ -46.053970772455195, -23.270894741694072 ], [ -46.054948353689035, -23.270888174112013 ], [ -46.054955465918127, -23.271791333910013 ], [ -46.056910640491104, -23.27177817991765 ], [ -46.056917766252717, -23.272681339040439 ], [ -46.055940172556703, -23.272687919364689 ], [ -46.055947292087254, -23.273591078666303 ], [ -46.054969691446018, -23.273597653188205 ], [ -46.054976804744847, -23.274500812668389 ], [ -46.053999197158369, -23.274507381387426 ], [ -46.054006304224821, -23.275410541045922 ], [ -46.053028689693079, -23.275417103961551 ], [ -46.053035790526486, -23.276320263798091 ], [ -46.054991032412318, -23.276307131310919 ], [ -46.055005261506281, -23.278113449529641 ], [ -46.055982895094026, -23.278106873585141 ], [ -46.055961532219122, -23.275397396951696 ], [ -46.056939145681028, -23.275390815773129 ], [ -46.056932018847668, -23.274487656968187 ], [ -46.057909625363344, -23.274481069987036 ], [ -46.057895359591484, -23.272674752629367 ], [ -46.058872952572685, -23.272668160131467 ], [ -46.058880091868097, -23.273571318577975 ], [ -46.059857691079664, -23.273564719707696 ], [ -46.059850545195978, -23.272661561546744 ], [ -46.060828137461044, -23.272654956875211 ], [ -46.060806682196528, -23.26994548261408 ], [ -46.061784254340282, -23.269938872713997 ], [ -46.061762782542736, -23.267229398357507 ], [ -46.060785230158785, -23.267236007399383 ], [ -46.060778080196542, -23.266332848782604 ], [ -46.061755625994564, -23.266326240026789 ], [ -46.061734158502887, -23.263616764398972 ], [ -46.058801579301281, -23.263636569839406 ] ], [ [ -46.05984339967052, -23.271758403279836 ], [ -46.058865813635158, -23.271765001578995 ], [ -46.058858675055532, -23.270861842920578 ], [ -46.059836254503281, -23.270855244906969 ], [ -46.05984339967052, -23.271758403279836 ] ] ] ] } },
{ "type": "Feature", "properties": { "fid": 348, "value": 1, "CD_MUN": "3524402", "NM_MUN": "Jacareí", "CD_RGI": "350049", "NM_RGI": "São José dos Campos", "CD_RGINT": "3511", "NM_RGINT": "São José dos Campos", "CD_UF": "35", "NM_UF": "São Paulo", "SIGLA_UF": "SP", "CD_REGIA": "3", "NM_REGIA": "Sudeste", "SIGLA_RG": "SE", "CD_CONCU": "3549904", "NM_CONCU": "São José dos Campos/SP", "AREA_KM2": 464.272 }, "geometry": { "type": "MultiPolygon", "coordinates": [ [ [ [ -46.06867768552344, -23.276214522059099 ], [ -46.068684892145981, -23.277117677214147 ], [ -46.066729647122074, -23.27713098073685 ], [ -46.066736840926218, -23.278034136361512 ], [ -46.069669727689821, -23.278014171081537 ], [ -46.069655300904181, -23.276207861453887 ], [ -46.06867768552344, -23.276214522059099 ] ] ] ] } },
{ "type": "Feature", "properties": { "fid": 349, "value": 1, "CD_MUN": "3524402", "NM_MUN": "Jacareí", "CD_RGI": "350049", "NM_RGI": "São José dos Campos", "CD_RGINT": "3511", "NM_RGINT": "São José dos Campos", "CD_UF": "35", "NM_UF": "São Paulo", "SIGLA_UF": "SP", "CD_REGIA": "3", "NM_REGIA": "Sudeste", "SIGLA_RG": "SE", "CD_CONCU": "3549904", "NM_CONCU": "São José dos Campos/SP", "AREA_KM2": 464.272 }, "geometry": { "type": "MultiPolygon", "coordinates": [ [ [ [ -45.913232466187367, -23.277196115849197 ], [ -45.913244784023753, -23.279002511003519 ], [ -45.914222465876477, -23.278996817971404 ], [ -45.914216300212502, -23.278093620693298 ], [ -45.915193975164748, -23.278087921818138 ], [ -45.915187803218771, -23.277184724681167 ], [ -45.913232466187367, -23.277196115849197 ] ] ] ] } },
{ "type": "Feature", "properties": { "fid": 356, "value": 1, "CD_MUN": "3524402", "NM_MUN": "Jacareí", "CD_RGI": "350049", "NM_RGI": "São José dos Campos", "CD_RGINT": "3511", "NM_RGINT": "São José dos Campos", "CD_UF": "35", "NM_UF": "São Paulo", "SIGLA_UF": "SP", "CD_REGIA": "3", "NM_REGIA": "Sudeste", "SIGLA_RG": "SE", "CD_CONCU": "3549904", "NM_CONCU": "São José dos Campos/SP", "AREA_KM2": 464.272 }, "geometry": { "type": "MultiPolygon", "coordinates": [ [ [ [ -46.002212526816365, -23.278459508975548 ], [ -46.00221928600687, -23.279362682899468 ], [ -46.001241626703298, -23.279368924237037 ], [ -46.00125513291804, -23.281175272307667 ], [ -46.00516582082885, -23.281150268258859 ], [ -46.005152261883332, -23.279343922351778 ], [ -46.004174603597214, -23.279350181956826 ], [ -46.004167831225011, -23.278447008573789 ], [ -46.002212526816365, -23.278459508975548 ] ] ] ] } },
{ "type": "Feature", "properties": { "fid": 357, "value": 1, "CD_MUN": "3524402", "NM_MUN": "Jacareí", "CD_RGI": "350049", "NM_RGI": "São José dos Campos", "CD_RGINT": "3511", "NM_RGINT": "São José dos Campos", "CD_UF": "35", "NM_UF": "São Paulo", "SIGLA_UF": "SP", "CD_REGIA": "3", "NM_REGIA": "Sudeste", "SIGLA_RG": "SE", "CD_CONCU": "3549904", "NM_CONCU": "São José dos Campos/SP", "AREA_KM2": 464.272 }, "geometry": { "type": "MultiPolygon", "coordinates": [ [ [ [ -45.997344439591096, -23.281200178921193 ], [ -45.997357894423487, -23.283006528723917 ], [ -45.99833558144595, -23.283000310667113 ], [ -45.998322113429438, -23.281193961402398 ], [ -45.997344439591096, -23.281200178921193 ] ] ] ] } },
{ "type": "Feature", "properties": { "fid": 359, "value": 1, "CD_MUN": "3524402", "NM_MUN": "Jacareí", "CD_RGI": "350049", "NM_RGI": "São José dos Campos", "CD_RGINT": "3511", "NM_RGINT": "São José dos Campos", "CD_UF": "35", "NM_UF": "São Paulo", "SIGLA_UF": "SP", "CD_REGIA": "3", "NM_REGIA": "Sudeste", "SIGLA_RG": "SE", "CD_CONCU": "3549904", "NM_CONCU": "São José dos Campos/SP", "AREA_KM2": 464.272 }, "geometry": { "type": "MultiPolygon", "coordinates": [ [ [ [ -46.049174833748488, -23.282668579540186 ], [ -46.049181911061915, -23.283571739662534 ], [ -46.050159586331674, -23.283565198551017 ], [ -46.050152502426229, -23.282662038711635 ], [ -46.049174833748488, -23.282668579540186 ] ] ] ] } },
{ "type": "Feature", "properties": { "fid": 363, "value": 1, "CD_MUN": "3524402", "NM_MUN": "Jacareí", "CD_RGI": "350049", "NM_RGI": "São José dos Campos", "CD_RGINT": "3511", "NM_RGINT": "São José dos Campos", "CD_UF": "35", "NM_UF": "São Paulo", "SIGLA_UF": "SP", "CD_REGIA": "3", "NM_REGIA": "Sudeste", "SIGLA_RG": "SE", "CD_CONCU": "3549904", "NM_CONCU": "São José dos Campos/SP", "AREA_KM2": 464.272 }, "geometry": { "type": "MultiPolygon", "coordinates": [ [ [ [ -45.972928736666908, -23.284966363444308 ], [ -45.972935300429612, -23.285869544615213 ], [ -45.973913015562559, -23.285863478030322 ], [ -45.973906445206396, -23.284960297121842 ], [ -45.972928736666908, -23.284966363444308 ] ] ] ] } },
{ "type": "Feature", "properties": { "fid": 364, "value": 1, "CD_MUN": "3524402", "NM_MUN": "Jacareí", "CD_RGI": "350049", "NM_RGI": "São José dos Campos", "CD_RGINT": "3511", "NM_RGINT": "São José dos Campos", "CD_UF": "35", "NM_UF": "São Paulo", "SIGLA_UF": "SP", "CD_REGIA": "3", "NM_REGIA": "Sudeste", "SIGLA_RG": "SE", "CD_CONCU": "3549904", "NM_CONCU": "São José dos Campos/SP", "AREA_KM2": 464.272 }, "geometry": { "type": "MultiPolygon", "coordinates": [ [ [ [ -45.974890730366205, -23.285857405354168 ], [ -45.97489730764547, -23.286760585894267 ], [ -45.975875028713254, -23.286754506863907 ], [ -45.975868444840216, -23.285851326586769 ], [ -45.974890730366205, -23.285857405354168 ] ] ] ] } },
{ "type": "Feature", "properties": { "fid": 370, "value": 1, "CD_MUN": "3524402", "NM_MUN": "Jacareí", "CD_RGI": "350049", "NM_RGI": "São José dos Campos", "CD_RGINT": "3511", "NM_RGINT": "São José dos Campos", "CD_UF": "35", "NM_UF": "São Paulo", "SIGLA_UF": "SP", "CD_REGIA": "3", "NM_REGIA": "Sudeste", "SIGLA_RG": "SE", "CD_CONCU": "3549904", "NM_CONCU": "São José dos Campos/SP", "AREA_KM2": 464.272 }, "geometry": { "type": "MultiPolygon", "coordinates": [ [ [ [ -46.079518808130587, -23.286978737218654 ], [ -46.079526091616238, -23.287881887916082 ], [ -46.078548394178505, -23.287888613179888 ], [ -46.078562949057215, -23.289694914838279 ], [ -46.079540659682614, -23.289688188992681 ], [ -46.079547944263368, -23.290591339371844 ], [ -46.080525661118038, -23.290584607143444 ], [ -46.080496498609968, -23.286972006154894 ], [ -46.079518808130587, -23.286978737218654 ] ] ] ] } },
{ "type": "Feature", "properties": { "fid": 371, "value": 1, "CD_MUN": "3524402", "NM_MUN": "Jacareí", "CD_RGI": "350049", "NM_RGI": "São José dos Campos", "CD_RGINT": "3511", "NM_RGINT": "São José dos Campos", "CD_UF": "35", "NM_UF": "São Paulo", "SIGLA_UF": "SP", "CD_REGIA": "3", "NM_REGIA": "Sudeste", "SIGLA_RG": "SE", "CD_CONCU": "3549904", "NM_CONCU": "São José dos Campos/SP", "AREA_KM2": 464.272 }, "geometry": { "type": "MultiPolygon", "coordinates": [ [ [ [ -45.795898309633721, -23.292287098923733 ], [ -45.795824, -23.292217 ], [ -45.795643, -23.292076 ], [ -45.795305, -23.291959 ], [ -45.794764, -23.291919 ], [ -45.794331, -23.291927 ], [ -45.793992, -23.291971 ], [ -45.793719, -23.292004 ], [ -45.793700241754848, -23.292298236898024 ], [ -45.795898309633721, -23.292287098923733 ] ] ] ] } },
{ "type": "Feature", "properties": { "fid": 373, "value": 1, "CD_MUN": "3524402", "NM_MUN": "Jacareí", "CD_RGI": "350049", "NM_RGI": "São José dos Campos", "CD_RGINT": "3511", "NM_RGINT": "São José dos Campos", "CD_UF": "35", "NM_UF": "São Paulo", "SIGLA_UF": "SP", "CD_REGIA": "3", "NM_REGIA": "Sudeste", "SIGLA_RG": "SE", "CD_CONCU": "3549904", "NM_CONCU": "São José dos Campos/SP", "AREA_KM2": 464.272 }, "geometry": { "type": "MultiPolygon", "coordinates": [ [ [ [ -45.974923620059116, -23.290373306997683 ], [ -45.974930198986712, -23.291276487009288 ], [ -45.975907953028361, -23.291270406664086 ], [ -45.975901367505323, -23.290367226915457 ], [ -45.974923620059116, -23.290373306997683 ] ] ] ] } },
{ "type": "Feature", "properties": { "fid": 376, "value": 1, "CD_MUN": "3524402", "NM_MUN": "Jacareí", "CD_RGI": "350049", "NM_RGI": "São José dos Campos", "CD_RGINT": "3511", "NM_RGINT": "São José dos Campos", "CD_UF": "35", "NM_UF": "São Paulo", "SIGLA_UF": "SP", "CD_REGIA": "3", "NM_REGIA": "Sudeste", "SIGLA_RG": "SE", "CD_CONCU": "3549904", "NM_CONCU": "São José dos Campos/SP", "AREA_KM2": 464.272 }, "geometry": { "type": "MultiPolygon", "coordinates": [ [ [ [ -46.002320714528238, -23.292910279064532 ], [ -46.002327479141051, -23.293813451295822 ], [ -46.00330524360443, -23.293807199543703 ], [ -46.003298472395478, -23.292904027582782 ], [ -46.002320714528238, -23.292910279064532 ] ] ] ] } },
{ "type": "Feature", "properties": { "fid": 379, "value": 1, "CD_MUN": "3524402", "NM_MUN": "Jacareí", "CD_RGI": "350049", "NM_RGI": "São José dos Campos", "CD_RGINT": "3511", "NM_RGINT": "São José dos Campos", "CD_UF": "35", "NM_UF": "São Paulo", "SIGLA_UF": "SP", "CD_REGIA": "3", "NM_REGIA": "Sudeste", "SIGLA_RG": "SE", "CD_CONCU": "3549904", "NM_CONCU": "São José dos Campos/SP", "AREA_KM2": 464.272 }, "geometry": { "type": "MultiPolygon", "coordinates": [ [ [ [ -46.00330524360443, -23.293807199543703 ], [ -46.003312015152694, -23.294710371398804 ], [ -46.004289785873226, -23.29470411328268 ], [ -46.004283007728496, -23.293800941698212 ], [ -46.00330524360443, -23.293807199543703 ] ] ] ] } },
{ "type": "Feature", "properties": { "fid": 388, "value": 1, "CD_MUN": "3524402", "NM_MUN": "Jacareí", "CD_RGI": "350049", "NM_RGI": "São José dos Campos", "CD_RGINT": "3511", "NM_RGINT": "São José dos Campos", "CD_UF": "35", "NM_UF": "São Paulo", "SIGLA_UF": "SP", "CD_REGIA": "3", "NM_REGIA": "Sudeste", "SIGLA_RG": "SE", "CD_CONCU": "3549904", "NM_CONCU": "São José dos Campos/SP", "AREA_KM2": 464.272 }, "geometry": { "type": "MultiPolygon", "coordinates": [ [ [ [ -45.913355700134574, -23.295260048407435 ], [ -45.913374195882362, -23.297969634651615 ], [ -45.912396375224773, -23.297975326762199 ], [ -45.912402534493211, -23.298878522212028 ], [ -45.91533601533488, -23.298861426855552 ], [ -45.915317479070225, -23.296151842407095 ], [ -45.916295285603674, -23.296146132504841 ], [ -45.916289100870301, -23.295242937724559 ], [ -45.913355700134574, -23.295260048407435 ] ] ] ] } },
{ "type": "Feature", "properties": { "fid": 392, "value": 1, "CD_MUN": "3524402", "NM_MUN": "Jacareí", "CD_RGI": "350049", "NM_RGI": "São José dos Campos", "CD_RGINT": "3511", "NM_RGINT": "São José dos Campos", "CD_UF": "35", "NM_UF": "São Paulo", "SIGLA_UF": "SP", "CD_REGIA": "3", "NM_REGIA": "Sudeste", "SIGLA_RG": "SE", "CD_CONCU": "3549904", "NM_CONCU": "São José dos Campos/SP", "AREA_KM2": 464.272 }, "geometry": { "type": "MultiPolygon", "coordinates": [ [ [ [ -45.891862070635362, -23.298093453083968 ], [ -45.891874112324729, -23.299899854094118 ], [ -45.893829792556886, -23.299888718815826 ], [ -45.893817724471354, -23.298082318768607 ], [ -45.891862070635362, -23.298093453083968 ] ] ] ] } },
{ "type": "Feature", "properties": { "fid": 394, "value": 1, "CD_MUN": "3524402", "NM_MUN": "Jacareí", "CD_RGI": "350049", "NM_RGI": "São José dos Campos", "CD_RGINT": "3511", "NM_RGINT": "São José dos Campos", "CD_UF": "35", "NM_UF": "São Paulo", "SIGLA_UF": "SP", "CD_REGIA": "3", "NM_REGIA": "Sudeste", "SIGLA_RG": "SE", "CD_CONCU": "3549904", "NM_CONCU": "São José dos Campos/SP", "AREA_KM2": 464.272 }, "geometry": { "type": "MultiPolygon", "coordinates": [ [ [ [ -45.879162161519467, -23.299971639052369 ], [ -45.879156226314521, -23.299068435496149 ], [ -45.878460680750102, -23.299072333396154 ], [ -45.8784492, -23.2991495 ], [ -45.8784477, -23.2991598 ], [ -45.8784468, -23.299166 ], [ -45.8784418, -23.2991996 ], [ -45.878438, -23.299225 ], [ -45.8784202, -23.2992537 ], [ -45.8783624, -23.2993464 ], [ -45.878306, -23.299437 ], [ -45.877999, -23.299716 ], [ -45.877717, -23.299899 ], [ -45.877504859065695, -23.299980921981277 ], [ -45.879162161519467, -23.299971639052369 ] ] ] ] } },
{ "type": "Feature", "properties": { "fid": 397, "value": 1, "CD_MUN": "3524402", "NM_MUN": "Jacareí", "CD_RGI": "350049", "NM_RGI": "São José dos Campos", "CD_RGINT": "3511", "NM_RGINT": "São José dos Campos", "CD_UF": "35", "NM_UF": "São Paulo", "SIGLA_UF": "SP", "CD_REGIA": "3", "NM_REGIA": "Sudeste", "SIGLA_RG": "SE", "CD_CONCU": "3549904", "NM_CONCU": "São José dos Campos/SP", "AREA_KM2": 464.272 }, "geometry": { "type": "MultiPolygon", "coordinates": [ [ [ [ -45.894801591426479, -23.298979942303138 ], [ -45.894813673315426, -23.300786341657155 ], [ -45.895791519274987, -23.300780758536959 ], [ -45.895779424187346, -23.298974359665738 ], [ -45.894801591426479, -23.298979942303138 ] ] ] ] } },
{ "type": "Feature", "properties": { "fid": 398, "value": 1, "CD_MUN": "3524402", "NM_MUN": "Jacareí", "CD_RGI": "350049", "NM_RGI": "São José dos Campos", "CD_RGINT": "3511", "NM_RGINT": "São José dos Campos", "CD_UF": "35", "NM_UF": "São Paulo", "SIGLA_UF": "SP", "CD_REGIA": "3", "NM_REGIA": "Sudeste", "SIGLA_RG": "SE", "CD_CONCU": "3549904", "NM_CONCU": "São José dos Campos/SP", "AREA_KM2": 464.272 }, "geometry": { "type": "MultiPolygon", "coordinates": [ [ [ [ -45.879162161519467, -23.299971639052369 ], [ -45.879168097021797, -23.300874842503177 ], [ -45.882101648416935, -23.300858367470266 ], [ -45.882095693115652, -23.299955164731792 ], [ -45.879162161519467, -23.299971639052369 ] ] ] ] } },
{ "type": "Feature", "properties": { "fid": 401, "value": 1, "CD_MUN": "3524402", "NM_MUN": "Jacareí", "CD_RGI": "350049", "NM_RGI": "São José dos Campos", "CD_RGINT": "3511", "NM_RGINT": "São José dos Campos", "CD_UF": "35", "NM_UF": "São Paulo", "SIGLA_UF": "SP", "CD_REGIA": "3", "NM_REGIA": "Sudeste", "SIGLA_RG": "SE", "CD_CONCU": "3549904", "NM_CONCU": "São José dos Campos/SP", "AREA_KM2": 464.272 }, "geometry": { "type": "MultiPolygon", "coordinates": [ [ [ [ -45.891880133621939, -23.300803054441001 ], [ -45.891886155220845, -23.301706254682433 ], [ -45.893841861851818, -23.30169511844117 ], [ -45.893835827053174, -23.300791918681231 ], [ -45.891880133621939, -23.300803054441001 ] ] ] ] } },
{ "type": "Feature", "properties": { "fid": 402, "value": 1, "CD_MUN": "3524402", "NM_MUN": "Jacareí", "CD_RGI": "350049", "NM_RGI": "São José dos Campos", "CD_RGINT": "3511", "NM_RGINT": "São José dos Campos", "CD_UF": "35", "NM_UF": "São Paulo", "SIGLA_UF": "SP", "CD_REGIA": "3", "NM_REGIA": "Sudeste", "SIGLA_RG": "SE", "CD_CONCU": "3549904", "NM_CONCU": "São José dos Campos/SP", "AREA_KM2": 464.272 }, "geometry": { "type": "MultiPolygon", "coordinates": [ [ [ [ -45.889924438983925, -23.30081416581622 ], [ -45.889930447383051, -23.301717366538071 ], [ -45.890908301452633, -23.301711813658464 ], [ -45.890902286453617, -23.300808613176685 ], [ -45.889924438983925, -23.30081416581622 ] ] ] ] } },
{ "type": "Feature", "properties": { "fid": 403, "value": 1, "CD_MUN": "3524402", "NM_MUN": "Jacareí", "CD_RGI": "350049", "NM_RGI": "São José dos Campos", "CD_RGINT": "3511", "NM_RGINT": "São José dos Campos", "CD_UF": "35", "NM_UF": "São Paulo", "SIGLA_UF": "SP", "CD_REGIA": "3", "NM_REGIA": "Sudeste", "SIGLA_RG": "SE", "CD_CONCU": "3549904", "NM_CONCU": "São José dos Campos/SP", "AREA_KM2": 464.272 }, "geometry": { "type": "MultiPolygon", "coordinates": [ [ [ [ -45.883073536384721, -23.299949661099685 ], [ -45.883079498285639, -23.300852863600181 ], [ -45.88503519712657, -23.300841837571404 ], [ -45.885041172526101, -23.301745039489727 ], [ -45.8860190280976, -23.30173951709228 ], [ -45.886013046098121, -23.300836315412724 ], [ -45.886990894769966, -23.300830787157857 ], [ -45.887002872268816, -23.302637189933467 ], [ -45.887980733840784, -23.302631655103834 ], [ -45.887986729640879, -23.303534856094164 ], [ -45.889942465084445, -23.303523767665421 ], [ -45.889936456083227, -23.302620567154481 ], [ -45.888958595112371, -23.3026261141775 ], [ -45.888952593012426, -23.301722913321274 ], [ -45.887974738341086, -23.301728454008046 ], [ -45.887968743141769, -23.300825252806806 ], [ -45.888946591213198, -23.300819712359598 ], [ -45.888940589714672, -23.299916511292469 ], [ -45.883073536384721, -23.299949661099685 ] ] ] ] } },
{ "type": "Feature", "properties": { "fid": 406, "value": 1, "CD_MUN": "3524402", "NM_MUN": "Jacareí", "CD_RGI": "350049", "NM_RGI": "São José dos Campos", "CD_RGINT": "3511", "NM_RGINT": "São José dos Campos", "CD_UF": "35", "NM_UF": "São Paulo", "SIGLA_UF": "SP", "CD_REGIA": "3", "NM_REGIA": "Sudeste", "SIGLA_RG": "SE", "CD_CONCU": "3549904", "NM_CONCU": "São José dos Campos/SP", "AREA_KM2": 464.272 }, "geometry": { "type": "MultiPolygon", "coordinates": [ [ [ [ -46.05032261417405, -23.304337845605637 ], [ -46.050329706603797, -23.30524100290112 ], [ -46.051307539825572, -23.305234448900855 ], [ -46.051300440795899, -23.304331291888694 ], [ -46.05032261417405, -23.304337845605637 ] ] ] ] } },
{ "type": "Feature", "properties": { "fid": 407, "value": 1, "CD_MUN": "3524402", "NM_MUN": "Jacareí", "CD_RGI": "350049", "NM_RGI": "São José dos Campos", "CD_RGINT": "3511", "NM_RGINT": "São José dos Campos", "CD_UF": "35", "NM_UF": "São Paulo", "SIGLA_UF": "SP", "CD_REGIA": "3", "NM_REGIA": "Sudeste", "SIGLA_RG": "SE", "CD_CONCU": "3549904", "NM_CONCU": "São José dos Campos/SP", "AREA_KM2": 464.272 }, "geometry": { "type": "MultiPolygon", "coordinates": [ [ [ [ -45.893866004070134, -23.305307916426205 ], [ -45.893872040380693, -23.306211115658765 ], [ -45.894849926247034, -23.306205537187804 ], [ -45.894843883334957, -23.305302338196405 ], [ -45.893866004070134, -23.305307916426205 ] ] ] ] } },
{ "type": "Feature", "properties": { "fid": 409, "value": 1, "CD_MUN": "3524402", "NM_MUN": "Jacareí", "CD_RGI": "350049", "NM_RGI": "São José dos Campos", "CD_RGINT": "3511", "NM_RGINT": "São José dos Campos", "CD_UF": "35", "NM_UF": "São Paulo", "SIGLA_UF": "SP", "CD_REGIA": "3", "NM_REGIA": "Sudeste", "SIGLA_RG": "SE", "CD_CONCU": "3549904", "NM_CONCU": "São José dos Campos/SP", "AREA_KM2": 464.272 }, "geometry": { "type": "MultiPolygon", "coordinates": [ [ [ [ -45.908534161105202, -23.305223602752001 ], [ -45.90854029643743, -23.306126798339569 ], [ -45.907562414839575, -23.306132462177612 ], [ -45.90756854387746, -23.3070356579045 ], [ -45.909524319969229, -23.307024323640871 ], [ -45.909512035794314, -23.305217933061478 ], [ -45.908534161105202, -23.305223602752001 ] ] ] ] } },
{ "type": "Feature", "properties": { "fid": 410, "value": 1, "CD_MUN": "3524402", "NM_MUN": "Jacareí", "CD_RGI": "350049", "NM_RGI": "São José dos Campos", "CD_RGINT": "3511", "NM_RGINT": "São José dos Campos", "CD_UF": "35", "NM_UF": "São Paulo", "SIGLA_UF": "SP", "CD_REGIA": "3", "NM_REGIA": "Sudeste", "SIGLA_RG": "SE", "CD_CONCU": "3549904", "NM_CONCU": "São José dos Campos/SP", "AREA_KM2": 464.272 }, "geometry": { "type": "MultiPolygon", "coordinates": [ [ [ [ -46.049351873026708, -23.305247550805003 ], [ -46.049358959211496, -23.306150708277514 ], [ -46.050336799388859, -23.306144160090568 ], [ -46.050329706603797, -23.30524100290112 ], [ -46.049351873026708, -23.305247550805003 ] ] ] ] } },
{ "type": "Feature", "properties": { "fid": 411, "value": 1, "CD_MUN": "3524402", "NM_MUN": "Jacareí", "CD_RGI": "350049", "NM_RGI": "São José dos Campos", "CD_RGINT": "3511", "NM_RGINT": "São José dos Campos", "CD_UF": "35", "NM_UF": "São Paulo", "SIGLA_UF": "SP", "CD_REGIA": "3", "NM_REGIA": "Sudeste", "SIGLA_RG": "SE", "CD_CONCU": "3549904", "NM_CONCU": "São José dos Campos/SP", "AREA_KM2": 464.272 }, "geometry": { "type": "MultiPolygon", "coordinates": [ [ [ [ -46.046418370166876, -23.305267157938275 ], [ -46.046425436550791, -23.306170316258385 ], [ -46.047403277792135, -23.306163786361438 ], [ -46.047396204807917, -23.305260628323587 ], [ -46.046418370166876, -23.305267157938275 ] ] ] ] } },
{ "type": "Feature", "properties": { "fid": 413, "value": 1, "CD_MUN": "3524402", "NM_MUN": "Jacareí", "CD_RGI": "350049", "NM_RGI": "São José dos Campos", "CD_RGINT": "3511", "NM_RGINT": "São José dos Campos", "CD_UF": "35", "NM_UF": "São Paulo", "SIGLA_UF": "SP", "CD_REGIA": "3", "NM_REGIA": "Sudeste", "SIGLA_RG": "SE", "CD_CONCU": "3549904", "NM_CONCU": "São José dos Campos/SP", "AREA_KM2": 464.272 }, "geometry": { "type": "MultiPolygon", "coordinates": [ [ [ [ -46.047403277792135, -23.306163786361438 ], [ -46.047410351130679, -23.307066944293243 ], [ -46.048388198618319, -23.307060408017076 ], [ -46.048381118679146, -23.3061572503678 ], [ -46.047403277792135, -23.306163786361438 ] ] ] ] } },
{ "type": "Feature", "properties": { "fid": 415, "value": 1, "CD_MUN": "3524402", "NM_MUN": "Jacareí", "CD_RGI": "350049", "NM_RGI": "São José dos Campos", "CD_RGINT": "3511", "NM_RGINT": "São José dos Campos", "CD_UF": "35", "NM_UF": "São Paulo", "SIGLA_UF": "SP", "CD_REGIA": "3", "NM_REGIA": "Sudeste", "SIGLA_RG": "SE", "CD_CONCU": "3549904", "NM_CONCU": "São José dos Campos/SP", "AREA_KM2": 464.272 }, "geometry": { "type": "MultiPolygon", "coordinates": [ [ [ [ -45.907574673222406, -23.307938853525847 ], [ -45.907580802874406, -23.308842049041669 ], [ -45.909536605374981, -23.308830713798113 ], [ -45.909542748539451, -23.309733908718403 ], [ -45.910520655930988, -23.309728231703669 ], [ -45.910508356704746, -23.307921842248291 ], [ -45.907574673222406, -23.307938853525847 ] ] ] ] } },
{ "type": "Feature", "properties": { "fid": 416, "value": 1, "CD_MUN": "3524402", "NM_MUN": "Jacareí", "CD_RGI": "350049", "NM_RGI": "São José dos Campos", "CD_RGINT": "3511", "NM_RGINT": "São José dos Campos", "CD_UF": "35", "NM_UF": "São Paulo", "SIGLA_UF": "SP", "CD_REGIA": "3", "NM_REGIA": "Sudeste", "SIGLA_RG": "SE", "CD_CONCU": "3549904", "NM_CONCU": "São José dos Campos/SP", "AREA_KM2": 464.272 }, "geometry": { "type": "MultiPolygon", "coordinates": [ [ [ [ -45.817607080789664, -23.308433882916386 ], [ -45.817618125457486, -23.310240316640474 ], [ -45.818596060330862, -23.310235212930408 ], [ -45.818585002456359, -23.308428779647528 ], [ -45.817607080789664, -23.308433882916386 ] ] ] ] } },
{ "type": "Feature", "properties": { "fid": 418, "value": 1, "CD_MUN": "3524402", "NM_MUN": "Jacareí", "CD_RGI": "350049", "NM_RGI": "São José dos Campos", "CD_RGINT": "3511", "NM_RGINT": "São José dos Campos", "CD_UF": "35", "NM_UF": "São Paulo", "SIGLA_UF": "SP", "CD_REGIA": "3", "NM_REGIA": "Sudeste", "SIGLA_RG": "SE", "CD_CONCU": "3549904", "NM_CONCU": "São José dos Campos/SP", "AREA_KM2": 464.272 }, "geometry": { "type": "MultiPolygon", "coordinates": [ [ [ [ -45.903650885381026, -23.306155056553699 ], [ -45.903681401593161, -23.31067103901665 ], [ -45.90465931742925, -23.310665398350061 ], [ -45.904653206972263, -23.309762202312331 ], [ -45.90563111589919, -23.309756555790869 ], [ -45.905624999145559, -23.308853359891678 ], [ -45.904647096821357, -23.308859006169069 ], [ -45.904640986976531, -23.307955809920273 ], [ -45.905618882698334, -23.30795016388694 ], [ -45.905612766557496, -23.307046967776675 ], [ -45.904634877437765, -23.307052613565951 ], [ -45.904628768205065, -23.306149417106109 ], [ -45.903650885381026, -23.306155056553699 ] ] ] ] } },
{ "type": "Feature", "properties": { "fid": 421, "value": 1, "CD_MUN": "3524402", "NM_MUN": "Jacareí", "CD_RGI": "350049", "NM_RGI": "São José dos Campos", "CD_RGINT": "3511", "NM_RGINT": "São José dos Campos", "CD_UF": "35", "NM_UF": "São Paulo", "SIGLA_UF": "SP", "CD_REGIA": "3", "NM_REGIA": "Sudeste", "SIGLA_RG": "SE", "CD_CONCU": "3549904", "NM_CONCU": "São José dos Campos/SP", "AREA_KM2": 464.272 }, "geometry": { "type": "MultiPolygon", "coordinates": [ [ [ [ -46.029829901748151, -23.30989304296094 ], [ -46.029836857667313, -23.310796205509504 ], [ -46.030814737889074, -23.310789777868344 ], [ -46.030807775367776, -23.309886615597591 ], [ -46.029829901748151, -23.30989304296094 ] ] ] ] } },
{ "type": "Feature", "properties": { "fid": 422, "value": 1, "CD_MUN": "3524402", "NM_MUN": "Jacareí", "CD_RGI": "350049", "NM_RGI": "São José dos Campos", "CD_RGINT": "3511", "NM_RGINT": "São José dos Campos", "CD_UF": "35", "NM_UF": "São Paulo", "SIGLA_UF": "SP", "CD_REGIA": "3", "NM_REGIA": "Sudeste", "SIGLA_RG": "SE", "CD_CONCU": "3549904", "NM_CONCU": "São José dos Campos/SP", "AREA_KM2": 464.272 }, "geometry": { "type": "MultiPolygon", "coordinates": [ [ [ [ -45.894855969461844, -23.307108736073726 ], [ -45.89486805679973, -23.308915133529069 ], [ -45.895845962169808, -23.308909548236148 ], [ -45.895852012895723, -23.309812746564141 ], [ -45.896829924565516, -23.309807154931043 ], [ -45.896835982197686, -23.310710352911837 ], [ -45.897813900167172, -23.310704754938037 ], [ -45.89782602954913, -23.312511150099162 ], [ -45.898803960422079, -23.31250554554191 ], [ -45.898785746994456, -23.309795953368642 ], [ -45.897807835931872, -23.309801557199211 ], [ -45.897801772000342, -23.308898359354863 ], [ -45.89682386723679, -23.308903956844741 ], [ -45.896817810211495, -23.308000758652931 ], [ -45.895839911746997, -23.30800634980265 ], [ -45.895833861627267, -23.30710315126365 ], [ -45.894855969461844, -23.307108736073726 ] ] ] ] } },
{ "type": "Feature", "properties": { "fid": 425, "value": 1, "CD_MUN": "3524402", "NM_MUN": "Jacareí", "CD_RGI": "350049", "NM_RGI": "São José dos Campos", "CD_RGINT": "3511", "NM_RGINT": "São José dos Campos", "CD_UF": "35", "NM_UF": "São Paulo", "SIGLA_UF": "SP", "CD_REGIA": "3", "NM_REGIA": "Sudeste", "SIGLA_RG": "SE", "CD_CONCU": "3549904", "NM_CONCU": "São José dos Campos/SP", "AREA_KM2": 464.272 }, "geometry": { "type": "MultiPolygon", "coordinates": [ [ [ [ -46.037666898744533, -23.311647773845436 ], [ -46.038644782769317, -23.31164129713947 ], [ -46.038637767079905, -23.310738137206691 ], [ -46.038501172110593, -23.310739042233891 ], [ -46.038502270515217, -23.310758154457073 ], [ -46.038498570341815, -23.310846958618615 ], [ -46.038488703212749, -23.310957963820506 ], [ -46.038468968954639, -23.311093636845065 ], [ -46.038464035390106, -23.311189841353386 ], [ -46.038436900785193, -23.311256444474534 ], [ -46.038377698010841, -23.311288512643998 ], [ -46.038261759244392, -23.311286045861721 ], [ -46.038159387780404, -23.311277412123808 ], [ -46.038039748840568, -23.311237943607566 ], [ -46.037921343291863, -23.311182441006601 ], [ -46.037859673735241, -23.311150372837158 ], [ -46.037825138783532, -23.311128171796785 ], [ -46.037758535662384, -23.311093636845076 ], [ -46.037701799670295, -23.31108376971601 ], [ -46.037662521679202, -23.311083769720987 ], [ -46.037666898744533, -23.311647773845436 ] ] ] ] } },
{ "type": "Feature", "properties": { "fid": 426, "value": 1, "CD_MUN": "3524402", "NM_MUN": "Jacareí", "CD_RGI": "350049", "NM_RGI": "São José dos Campos", "CD_RGINT": "3511", "NM_RGINT": "São José dos Campos", "CD_UF": "35", "NM_UF": "São Paulo", "SIGLA_UF": "SP", "CD_REGIA": "3", "NM_REGIA": "Sudeste", "SIGLA_RG": "SE", "CD_CONCU": "3549904", "NM_CONCU": "São José dos Campos/SP", "AREA_KM2": 464.272 }, "geometry": { "type": "MultiPolygon", "coordinates": [ [ [ [ -46.061128850136953, -23.310587496358099 ], [ -46.061136017678194, -23.311490649779948 ], [ -46.062113893177646, -23.311484026716411 ], [ -46.062121067680373, -23.312387179745915 ], [ -46.063098949422915, -23.31238055029775 ], [ -46.063084587572263, -23.31057424470567 ], [ -46.061128850136953, -23.310587496358099 ] ] ] ] } },
{ "type": "Feature", "properties": { "fid": 427, "value": 1, "CD_MUN": "3524402", "NM_MUN": "Jacareí", "CD_RGI": "350049", "NM_RGI": "São José dos Campos", "CD_RGINT": "3511", "NM_RGINT": "São José dos Campos", "CD_UF": "35", "NM_UF": "São Paulo", "SIGLA_UF": "SP", "CD_REGIA": "3", "NM_REGIA": "Sudeste", "SIGLA_RG": "SE", "CD_CONCU": "3549904", "NM_CONCU": "São José dos Campos/SP", "AREA_KM2": 464.272 }, "geometry": { "type": "MultiPolygon", "coordinates": [ [ [ [ -45.898803960422079, -23.31250554554191 ], [ -45.898810032172868, -23.313408742721958 ], [ -45.899787969345795, -23.3134031318227 ], [ -45.899781890990909, -23.312499934885146 ], [ -45.898803960422079, -23.31250554554191 ] ] ] ] } },
{ "type": "Feature", "properties": { "fid": 428, "value": 1, "CD_MUN": "3524402", "NM_MUN": "Jacareí", "CD_RGI": "350049", "NM_RGI": "São José dos Campos", "CD_RGINT": "3511", "NM_RGINT": "São José dos Campos", "CD_UF": "35", "NM_UF": "São Paulo", "SIGLA_UF": "SP", "CD_REGIA": "3", "NM_REGIA": "Sudeste", "SIGLA_RG": "SE", "CD_CONCU": "3549904", "NM_CONCU": "São José dos Campos/SP", "AREA_KM2": 464.272 }, "geometry": { "type": "MultiPolygon", "coordinates": [ [ [ [ -46.036668007967002, -23.308944762657983 ], [ -46.035690143046587, -23.308951226329086 ], [ -46.035676153734947, -23.307144904043614 ], [ -46.033772638568571, -23.307157467836909 ], [ -46.033746005961056, -23.307294792157403 ], [ -46.033763273436918, -23.30749213473857 ], [ -46.033782969155055, -23.307582376703824 ], [ -46.033811375691073, -23.307670976452762 ], [ -46.033868111683155, -23.307761014005422 ], [ -46.033924847675252, -23.307849818166961 ], [ -46.033968016364867, -23.307970690497953 ], [ -46.033974583262918, -23.308059343774257 ], [ -46.034705289546196, -23.308054522533762 ], [ -46.034719266355445, -23.309860845165485 ], [ -46.036675009750148, -23.309847923362344 ], [ -46.036668007967002, -23.308944762657983 ] ] ], [ [ [ -46.033713468319597, -23.306254650117477 ], [ -46.031757775635683, -23.306267533105867 ], [ -46.031764743362835, -23.307170695522451 ], [ -46.0268754725465, -23.307202797686667 ], [ -46.026882407616938, -23.308105961384953 ], [ -46.0278602690775, -23.308099552869315 ], [ -46.027874153463962, -23.309905879393988 ], [ -46.029829901748151, -23.30989304296094 ], [ -46.029822946177404, -23.30898988030641 ], [ -46.030800813195228, -23.308983453220861 ], [ -46.030807775367776, -23.309886615597591 ], [ -46.03276352156044, -23.309873742577256 ], [ -46.032777473360944, -23.311680065899949 ], [ -46.031799587234588, -23.311686506015729 ], [ -46.031792617762072, -23.310783344129042 ], [ -46.030814737889074, -23.310789777868344 ], [ -46.030828663977971, -23.312596102091895 ], [ -46.031806557056214, -23.312589667796434 ], [ -46.031813527226952, -23.313492829471148 ], [ -46.033769325541954, -23.313479942027293 ], [ -46.033755359137857, -23.311673619685784 ], [ -46.034733244564997, -23.311667167373251 ], [ -46.034719266355445, -23.309860845165485 ], [ -46.034109342949037, -23.309864870002443 ], [ -46.034106156171703, -23.309961383785563 ], [ -46.034091355478118, -23.310126658197291 ], [ -46.034083955131322, -23.31033633468979 ], [ -46.034071621220001, -23.310499142319276 ], [ -46.034060520699811, -23.310584246307414 ], [ -46.034035852877167, -23.310676750642322 ], [ -46.034019908106984, -23.310716674237369 ], [ -46.0339914507964, -23.310755070979241 ], [ -46.033969441431665, -23.310780580507995 ], [ -46.033933481413179, -23.310814890449169 ], [ -46.033811375691066, -23.310908011479672 ], [ -46.033786707868479, -23.310923428868815 ], [ -46.033765873565542, -23.310934838112058 ], [ -46.033731821963045, -23.310949330082586 ], [ -46.033700370489164, -23.310954263647112 ], [ -46.033668302319761, -23.310939462953531 ], [ -46.033641167714805, -23.310922195477666 ], [ -46.03360416598084, -23.310885193743701 ], [ -46.033543729815349, -23.310816740535856 ], [ -46.03347836008534, -23.310705118638378 ], [ -46.033436424786835, -23.310606447347777 ], [ -46.033406823399659, -23.310478174670006 ], [ -46.033369821665687, -23.310320300605071 ], [ -46.033335286713978, -23.310201895056373 ], [ -46.033305685326795, -23.310081022725399 ], [ -46.033284717677546, -23.309998385519528 ], [ -46.033260049854896, -23.309914514922536 ], [ -46.033245249161311, -23.309854078757063 ], [ -46.033229215076588, -23.309801042938357 ], [ -46.033215647774135, -23.309739373381742 ], [ -46.033208247427346, -23.309675237042846 ], [ -46.033220581338661, -23.309613567486231 ], [ -46.033262516637166, -23.309524763324706 ], [ -46.03330445193567, -23.309433492380904 ], [ -46.033346387234161, -23.309342221437113 ], [ -46.033408056790783, -23.30921394875935 ], [ -46.033449992089281, -23.309125144597822 ], [ -46.033479593476457, -23.309017839569304 ], [ -46.033494394170042, -23.308940135927966 ], [ -46.033507961472488, -23.308880933153606 ], [ -46.033537562859664, -23.308800762730016 ], [ -46.033563464073445, -23.308684823963571 ], [ -46.033572097811373, -23.308625621189215 ], [ -46.033569631029117, -23.308577518935067 ], [ -46.033569631029117, -23.308524483116365 ], [ -46.033562230682328, -23.308480697731181 ], [ -46.033548663379868, -23.30840607756766 ], [ -46.033536329468546, -23.308348108184443 ], [ -46.03351166164591, -23.308274104716514 ], [ -46.033491927387786, -23.308209968377625 ], [ -46.033474659911946, -23.308170499861394 ], [ -46.033449992089281, -23.308103896740246 ], [ -46.033403739921788, -23.307984874495951 ], [ -46.033368588274527, -23.307907787550185 ], [ -46.033326652976022, -23.307796782348284 ], [ -46.033287184459773, -23.30766604288824 ], [ -46.03326251663713, -23.30759820637595 ], [ -46.033239082205611, -23.30752173612575 ], [ -46.033216881165231, -23.307444032484419 ], [ -46.033179879431266, -23.307324701892352 ], [ -46.033173404127822, -23.307306201025359 ], [ -46.033154903260844, -23.307255631988941 ], [ -46.0331302354382, -23.307189028867793 ], [ -46.033112042918994, -23.307137534788019 ], [ -46.033105875963358, -23.307124892528925 ], [ -46.03310125074659, -23.307100841401819 ], [ -46.033099400659893, -23.307070623319095 ], [ -46.033101867442163, -23.307052122452099 ], [ -46.033106492658902, -23.307039480192998 ], [ -46.033115434744609, -23.307027454629466 ], [ -46.0331302354382, -23.307015120718141 ], [ -46.033151203087449, -23.307008953762463 ], [ -46.033191904994816, -23.307000320024553 ], [ -46.033256041333701, -23.306986752722093 ], [ -46.033439816612422, -23.306917682818685 ], [ -46.033573022854718, -23.306870813955648 ], [ -46.033608791197558, -23.306856013262056 ], [ -46.033664293798509, -23.30682641187488 ], [ -46.033717660090225, -23.306796968408818 ], [ -46.033713468319597, -23.306254650117477 ] ] ] ] } },
{ "type": "Feature", "properties": { "fid": 431, "value": 1, "CD_MUN": "3524402", "NM_MUN": "Jacareí", "CD_RGI": "350049", "NM_RGI": "São José dos Campos", "CD_RGINT": "3511", "NM_RGINT": "São José dos Campos", "CD_UF": "35", "NM_UF": "São Paulo", "SIGLA_UF": "SP", "CD_REGIA": "3", "NM_REGIA": "Sudeste", "SIGLA_RG": "SE", "CD_CONCU": "3549904", "NM_CONCU": "São José dos Campos/SP", "AREA_KM2": 464.272 }, "geometry": { "type": "MultiPolygon", "coordinates": [ [ [ [ -46.063098949422915, -23.31238055029775 ], [ -46.063106130887775, -23.31328370293463 ], [ -46.064084018873388, -23.313277067101307 ], [ -46.06407683080576, -23.312373914751209 ], [ -46.063098949422915, -23.31238055029775 ] ] ] ] } },
{ "type": "Feature", "properties": { "fid": 432, "value": 1, "CD_MUN": "3524402", "NM_MUN": "Jacareí", "CD_RGI": "350049", "NM_RGI": "São José dos Campos", "CD_RGINT": "3511", "NM_RGINT": "São José dos Campos", "CD_UF": "35", "NM_UF": "São Paulo", "SIGLA_UF": "SP", "CD_REGIA": "3", "NM_REGIA": "Sudeste", "SIGLA_RG": "SE", "CD_CONCU": "3549904", "NM_CONCU": "São José dos Campos/SP", "AREA_KM2": 464.272 }, "geometry": { "type": "MultiPolygon", "coordinates": [ [ [ [ -46.061143185578459, -23.312393803095695 ], [ -46.06115035383776, -23.313296956305347 ], [ -46.062128242542457, -23.313290332669311 ], [ -46.062121067680373, -23.312387179745915 ], [ -46.061143185578459, -23.312393803095695 ] ] ] ] } },
{ "type": "Feature", "properties": { "fid": 433, "value": 1, "CD_MUN": "3524402", "NM_MUN": "Jacareí", "CD_RGI": "350049", "NM_RGI": "São José dos Campos", "CD_RGINT": "3511", "NM_RGINT": "São José dos Campos", "CD_UF": "35", "NM_UF": "São Paulo", "SIGLA_UF": "SP", "CD_REGIA": "3", "NM_REGIA": "Sudeste", "SIGLA_RG": "SE", "CD_CONCU": "3549904", "NM_CONCU": "São José dos Campos/SP", "AREA_KM2": 464.272 }, "geometry": { "type": "MultiPolygon", "coordinates": [ [ [ [ -46.05524024758261, -23.307917638928519 ], [ -46.055247374439823, -23.308820794380523 ], [ -46.054269516239749, -23.308827373903767 ], [ -46.054283757821793, -23.31063368505837 ], [ -46.053305886061622, -23.310640259052484 ], [ -46.053327231302326, -23.313349725841267 ], [ -46.054305122870133, -23.313343150994733 ], [ -46.054312245266352, -23.314246306094692 ], [ -46.055290143080619, -23.314239724865025 ], [ -46.055283014081205, -23.313336570049476 ], [ -46.056260904935208, -23.313329983005509 ], [ -46.056246634802179, -23.311523673625498 ], [ -46.057224512093441, -23.311517081052703 ], [ -46.057210230185866, -23.309710771818217 ], [ -46.059165957286979, -23.309697569519418 ], [ -46.059158803666712, -23.308794415313695 ], [ -46.057203089768606, -23.308807617041854 ], [ -46.057195949709019, -23.307904462159424 ], [ -46.05524024758261, -23.307917638928519 ] ] ] ] } },
{ "type": "Feature", "properties": { "fid": 434, "value": 1, "CD_MUN": "3524402", "NM_MUN": "Jacareí", "CD_RGI": "350049", "NM_RGI": "São José dos Campos", "CD_RGINT": "3511", "NM_RGINT": "São José dos Campos", "CD_UF": "35", "NM_UF": "São Paulo", "SIGLA_UF": "SP", "CD_REGIA": "3", "NM_REGIA": "Sudeste", "SIGLA_RG": "SE", "CD_CONCU": "3549904", "NM_CONCU": "São José dos Campos/SP", "AREA_KM2": 464.272 }, "geometry": { "type": "MultiPolygon", "coordinates": [ [ [ [ -46.023969569031223, -23.310834643295035 ], [ -46.023990320028382, -23.313544135288925 ], [ -46.024968222144352, -23.313537743408084 ], [ -46.024975146439871, -23.314440906917877 ], [ -46.025953054812547, -23.314434508661549 ], [ -46.025932263156882, -23.311725018643763 ], [ -46.02495437459374, -23.311731416070586 ], [ -46.024947451338626, -23.310828252242899 ], [ -46.023969569031223, -23.310834643295035 ] ] ] ] } },
{ "type": "Feature", "properties": { "fid": 435, "value": 1, "CD_MUN": "3524402", "NM_MUN": "Jacareí", "CD_RGI": "350049", "NM_RGI": "São José dos Campos", "CD_RGINT": "3511", "NM_RGINT": "São José dos Campos", "CD_UF": "35", "NM_UF": "São Paulo", "SIGLA_UF": "SP", "CD_REGIA": "3", "NM_REGIA": "Sudeste", "SIGLA_RG": "SE", "CD_CONCU": "3549904", "NM_CONCU": "São José dos Campos/SP", "AREA_KM2": 464.272 }, "geometry": { "type": "MultiPolygon", "coordinates": [ [ [ [ -45.911523191577871, -23.313335325251781 ], [ -45.911535507710163, -23.315141712949114 ], [ -45.912513454108179, -23.315136022261598 ], [ -45.912507289283162, -23.314232828711649 ], [ -45.914463167943232, -23.31422142952869 ], [ -45.914456990218376, -23.313318236365802 ], [ -45.911523191577871, -23.313335325251781 ] ] ] ] } },
{ "type": "Feature", "properties": { "fid": 436, "value": 1, "CD_MUN": "3524402", "NM_MUN": "Jacareí", "CD_RGI": "350049", "NM_RGI": "São José dos Campos", "CD_RGINT": "3511", "NM_RGINT": "São José dos Campos", "CD_UF": "35", "NM_UF": "São Paulo", "SIGLA_UF": "SP", "CD_REGIA": "3", "NM_REGIA": "Sudeste", "SIGLA_RG": "SE", "CD_CONCU": "3549904", "NM_CONCU": "São José dos Campos/SP", "AREA_KM2": 464.272 }, "geometry": { "type": "MultiPolygon", "coordinates": [ [ [ [ -46.047247753971149, -23.286294285042157 ], [ -46.04529236139529, -23.286307326326963 ], [ -46.04531351953257, -23.289016808492526 ], [ -46.043358085980657, -23.28902982710299 ], [ -46.043365126211242, -23.289932988176023 ], [ -46.040431953454913, -23.289952471246579 ], [ -46.040438974254116, -23.290855633056331 ], [ -46.038483510800681, -23.290868591870556 ], [ -46.038490518761535, -23.291771754134828 ], [ -46.037512779912781, -23.291778224683366 ], [ -46.037463777719999, -23.285456084650011 ], [ -46.036486084679282, -23.285462547149052 ], [ -46.036472100395265, -23.283656219912828 ], [ -46.034516739633446, -23.283669125522138 ], [ -46.034523718415244, -23.284572289751509 ], [ -46.033546030917002, -23.284578733699625 ], [ -46.033553003455744, -23.285481898101864 ], [ -46.032575309015201, -23.285488336238 ], [ -46.032603176290216, -23.289100993901883 ], [ -46.031625455125798, -23.289107427060255 ], [ -46.031639377668945, -23.290913755813246 ], [ -46.030661642966315, -23.290920183435794 ], [ -46.030668598165995, -23.291823347931413 ], [ -46.029690856519636, -23.291829769739348 ], [ -46.029711704422425, -23.294539263423932 ], [ -46.030689465856348, -23.294532840782782 ], [ -46.030696422450269, -23.295436004854722 ], [ -46.031674190132122, -23.295429575842164 ], [ -46.031681153671464, -23.296332739530168 ], [ -46.030703379392776, -23.296339168820744 ], [ -46.030710336683882, -23.297242332680828 ], [ -46.029018964152755, -23.297253440201839 ], [ -46.029119493288725, -23.297591533423486 ], [ -46.029082173216096, -23.2977024556183 ], [ -46.028459719364029, -23.298113988262745 ], [ -46.028351404063656, -23.298161029103483 ], [ -46.029739506501627, -23.298151920187149 ], [ -46.029753409630906, -23.299958247933173 ], [ -46.032686811638563, -23.299938956725168 ], [ -46.032679840105303, -23.299035793739215 ], [ -46.034635426501538, -23.299022903016432 ], [ -46.034628442121971, -23.298119740481901 ], [ -46.035606228197544, -23.298113286257564 ], [ -46.035613219174898, -23.299016448513019 ], [ -46.036591011497968, -23.299009987914935 ], [ -46.036584013922841, -23.29810682593882 ], [ -46.03853958432132, -23.298093887018137 ], [ -46.038574641687369, -23.302609693041603 ], [ -46.034663367519421, -23.302635552094994 ], [ -46.034670353648835, -23.303538714099727 ], [ -46.033692527631601, -23.303545163902594 ], [ -46.033685548101623, -23.302642001619031 ], [ -46.032707728334167, -23.302648445047321 ], [ -46.032714701264688, -23.303551607609457 ], [ -46.029781220069232, -23.303570902153922 ], [ -46.029788173549655, -23.304474065444236 ], [ -46.03174384122849, -23.304461207954791 ], [ -46.03175080825757, -23.305364370583305 ], [ -46.033706487740574, -23.305351488151818 ], [ -46.033713468319597, -23.306254650117477 ], [ -46.034388392396394, -23.306250198439965 ], [ -46.03446312799997, -23.306192915686204 ], [ -46.034555755668187, -23.306139595406449 ], [ -46.034683331999986, -23.306099483686239 ], [ -46.034836010999982, -23.306137736686239 ], [ -46.035069563333046, -23.306245702613239 ], [ -46.037624849488338, -23.306228810979206 ], [ -46.037631856820077, -23.307131971721908 ], [ -46.038609707836258, -23.307125496415505 ], [ -46.038630751741906, -23.309834977167906 ], [ -46.039608622210849, -23.30982849492397 ], [ -46.039594579385948, -23.308022175088723 ], [ -46.040572436300103, -23.308015687307876 ], [ -46.040579464138062, -23.308918846998061 ], [ -46.041557327301526, -23.30891235283924 ], [ -46.041550292862212, -23.308009193429751 ], [ -46.042528149071956, -23.30800269345438 ], [ -46.042535190112623, -23.3089058525829 ], [ -46.044490914676338, -23.308892833777715 ], [ -46.044497969273031, -23.30979599223749 ], [ -46.043520100566042, -23.309802504970332 ], [ -46.043534197615287, -23.311608822134794 ], [ -46.044512079526591, -23.311602308838953 ], [ -46.044526191193754, -23.313408625016276 ], [ -46.045504085957255, -23.313402105058607 ], [ -46.045518212245049, -23.315208420248201 ], [ -46.046496119861708, -23.315201893627652 ], [ -46.046481980367005, -23.313395579002147 ], [ -46.047459874422671, -23.313389046846893 ], [ -46.047445723138743, -23.311582732361785 ], [ -46.049401483775426, -23.311569650885712 ], [ -46.049394395460531, -23.310666494049464 ], [ -46.05135014147249, -23.310653388746886 ], [ -46.051357242991884, -23.3115565450167 ], [ -46.052335122066708, -23.31154998293486 ], [ -46.052306691716367, -23.307937358353669 ], [ -46.054262395983748, -23.307924218167368 ], [ -46.054255276084419, -23.307021062324917 ], [ -46.053277430729786, -23.307027635182518 ], [ -46.053263205201866, -23.305221322611207 ], [ -46.051307539825572, -23.305234448900855 ], [ -46.051328839048495, -23.307943919301092 ], [ -46.049373132646053, -23.307957022904422 ], [ -46.04936604575127, -23.307053865643987 ], [ -46.048388198618319, -23.307060408017076 ], [ -46.048395278912153, -23.307963565560321 ], [ -46.04546171558367, -23.307983156944829 ], [ -46.045454655092712, -23.307079998554755 ], [ -46.044476806543045, -23.307086516540082 ], [ -46.044469753006432, -23.306183357762233 ], [ -46.045447594955448, -23.306176840058658 ], [ -46.045440535171849, -23.305273681456537 ], [ -46.046418370166876, -23.305267157938275 ], [ -46.04641130413696, -23.304363999512145 ], [ -46.045433475741909, -23.3043705227484 ], [ -46.04542641666562, -23.303467363934249 ], [ -46.046404238461015, -23.303460840979987 ], [ -46.046397173139042, -23.302557682341824 ], [ -46.047374987981158, -23.30255115357393 ], [ -46.047367916414167, -23.301647995112006 ], [ -46.046390108171025, -23.301654523597641 ], [ -46.046383043556958, -23.300751364747459 ], [ -46.047360845201453, -23.300744836544077 ], [ -46.047353774342994, -23.299841677870138 ], [ -46.048331569034907, -23.299835143854171 ], [ -46.048317415185153, -23.298028826753296 ], [ -46.047339633688857, -23.298035360204242 ], [ -46.047318425364395, -23.295325882910412 ], [ -46.048296187069731, -23.295319350306954 ], [ -46.048274962145108, -23.292609872906677 ], [ -46.049252703707957, -23.292603335057969 ], [ -46.049245622846776, -23.29170017599532 ], [ -46.048267887879256, -23.291706713561286 ], [ -46.04825374041102, -23.289900394552554 ], [ -46.049231462188885, -23.289893857552062 ], [ -46.049224382392147, -23.288990698171464 ], [ -46.048246667208609, -23.288997234889226 ], [ -46.048239594360659, -23.288094075119933 ], [ -46.05019501118494, -23.28808099615847 ], [ -46.050187925504112, -23.287177836848915 ], [ -46.052143327720664, -23.287164734088723 ], [ -46.052129131051693, -23.285358416285217 ], [ -46.051151443307418, -23.285364970143846 ], [ -46.051158534871057, -23.286268129382094 ], [ -46.050180840178378, -23.286274677433394 ], [ -46.050173755207737, -23.285371517911898 ], [ -46.04919606675297, -23.28537805958937 ], [ -46.049181911061915, -23.283571739662534 ], [ -46.047226559458558, -23.283584803615362 ], [ -46.047247753971149, -23.286294285042157 ] ], [ [ -46.042429611531304, -23.295358454524848 ], [ -46.045362900891455, -23.295338929836777 ], [ -46.045348790164219, -23.293532609982574 ], [ -46.046326539385262, -23.293526090130072 ], [ -46.046319477956253, -23.292622930325955 ], [ -46.047297220227769, -23.292616404662674 ], [ -46.047311356631333, -23.294422723600487 ], [ -46.046333601168129, -23.294429249828209 ], [ -46.046361851838341, -23.298041887560888 ], [ -46.045384069633911, -23.298048408823224 ], [ -46.045398183896737, -23.299854727617564 ], [ -46.044420388143038, -23.299861243349014 ], [ -46.044413337432843, -23.298958083723122 ], [ -46.043435547923906, -23.298964593078264 ], [ -46.043428504164659, -23.298061433064934 ], [ -46.04147293728375, -23.29807443292929 ], [ -46.041458877212811, -23.296268111460474 ], [ -46.042436647635135, -23.296261615137304 ], [ -46.042429611531304, -23.295358454524848 ] ], [ [ -46.038525563833801, -23.296287563866976 ], [ -46.038518554116912, -23.295384402132452 ], [ -46.041451847705709, -23.295364950567105 ], [ -46.041458877212811, -23.296268111460474 ], [ -46.038525563833801, -23.296287563866976 ] ], [ [ -46.037540788884421, -23.295390873800393 ], [ -46.03752678369684, -23.293584549453779 ], [ -46.038504535736806, -23.29357807834554 ], [ -46.038518554116912, -23.295384402132452 ], [ -46.037540788884421, -23.295390873800393 ] ], [ [ -46.037234657752251, -23.304129604527883 ], [ -46.037407168675244, -23.303531764950097 ], [ -46.037826548677501, -23.303623969064123 ], [ -46.037707575627152, -23.30422478296811 ], [ -46.037234657752251, -23.304129604527883 ] ] ], [ [ [ -46.028740886041149, -23.295448844598855 ], [ -46.027496136058367, -23.295457004731016 ], [ -46.027730206031521, -23.295770060958255 ], [ -46.025841971129978, -23.296706300941203 ], [ -46.025116915045757, -23.297080274183163 ], [ -46.024838602226794, -23.296622524664947 ], [ -46.024847424116999, -23.297774273716314 ], [ -46.025098051159915, -23.297484795161559 ], [ -46.025266350296768, -23.297340631227879 ], [ -46.025401786518863, -23.297235237049751 ], [ -46.025478121854974, -23.297184522722013 ], [ -46.025558824856439, -23.297133291354044 ], [ -46.025778941934171, -23.297003258577796 ], [ -46.025913605806814, -23.296934554450189 ], [ -46.02598513547715, -23.296899262678242 ], [ -46.026227985031511, -23.296786297615796 ], [ -46.026486231477037, -23.296666149157911 ], [ -46.026990627320707, -23.296435948133528 ], [ -46.027145718036728, -23.296365202411053 ], [ -46.027148537894895, -23.296363513735191 ], [ -46.027792253495349, -23.296072729499905 ], [ -46.027853462734413, -23.296039689720683 ], [ -46.027979743150489, -23.295982799888396 ], [ -46.028223930365705, -23.295871298366531 ], [ -46.028568759759878, -23.295739317797363 ], [ -46.028747747389019, -23.296341291603063 ], [ -46.028740886041149, -23.295448844598855 ] ] ], [ [ [ -46.026778418032521, -23.294558494786912 ], [ -46.025800655207604, -23.294564893054385 ], [ -46.025793731943281, -23.293661727490431 ], [ -46.02481597536768, -23.293668119388041 ], [ -46.024820169883178, -23.294215836946368 ], [ -46.024945435456729, -23.294210397630604 ], [ -46.025519469480017, -23.295074880864608 ], [ -46.026784223261075, -23.295315052430006 ], [ -46.026778418032521, -23.294558494786912 ] ] ], [ [ [ -46.024832136195002, -23.295778299774636 ], [ -46.025233717625227, -23.295560563029625 ], [ -46.02500856370294, -23.295198634455623 ], [ -46.024828254027234, -23.295271413033419 ], [ -46.024832136195002, -23.295778299774636 ] ] ], [ [ [ -46.024864399323064, -23.299990278046643 ], [ -46.025842202079268, -23.299983884213972 ], [ -46.025836808660806, -23.299280508624459 ], [ -46.024859540085089, -23.299355963573795 ], [ -46.024864399323064, -23.299990278046643 ] ] ], [ [ [ -46.027790868007962, -23.299067913888802 ], [ -46.027786240086762, -23.298465489306992 ], [ -46.027458990459373, -23.29883848161619 ], [ -46.027315327905562, -23.299048044685943 ], [ -46.027276817040047, -23.299071282305967 ], [ -46.027790868007962, -23.299067913888802 ] ] ] ] } },
{ "type": "Feature", "properties": { "fid": 438, "value": 1, "CD_MUN": "3524402", "NM_MUN": "Jacareí", "CD_RGI": "350049", "NM_RGI": "São José dos Campos", "CD_RGINT": "3511", "NM_RGINT": "São José dos Campos", "CD_UF": "35", "NM_UF": "São Paulo", "SIGLA_UF": "SP", "CD_REGIA": "3", "NM_REGIA": "Sudeste", "SIGLA_RG": "SE", "CD_CONCU": "3549904", "NM_CONCU": "São José dos Campos/SP", "AREA_KM2": 464.272 }, "geometry": { "type": "MultiPolygon", "coordinates": [ [ [ [ -46.043548296076828, -23.313415138875129 ], [ -46.043562395950737, -23.31522145519131 ], [ -46.044540304274619, -23.31521494076943 ], [ -46.044526191193754, -23.313408625016276 ], [ -46.043548296076828, -23.313415138875129 ] ] ] ] } },
{ "type": "Feature", "properties": { "fid": 439, "value": 1, "CD_MUN": "3524402", "NM_MUN": "Jacareí", "CD_RGI": "350049", "NM_RGI": "São José dos Campos", "CD_RGINT": "3511", "NM_RGINT": "São José dos Campos", "CD_UF": "35", "NM_UF": "São Paulo", "SIGLA_UF": "SP", "CD_REGIA": "3", "NM_REGIA": "Sudeste", "SIGLA_RG": "SE", "CD_CONCU": "3549904", "NM_CONCU": "São José dos Campos/SP", "AREA_KM2": 464.272 }, "geometry": { "type": "MultiPolygon", "coordinates": [ [ [ [ -45.914463167943232, -23.31422142952869 ], [ -45.914469345977523, -23.315124622585984 ], [ -45.913491400197415, -23.315130325473884 ], [ -45.91349757193619, -23.316033518672064 ], [ -45.914475524321269, -23.316027815537701 ], [ -45.91448170297447, -23.316931008383822 ], [ -45.91741557808745, -23.316913861637126 ], [ -45.917403181459846, -23.315107477321227 ], [ -45.915447291448189, -23.315118913597903 ], [ -45.915441106809276, -23.314215720787324 ], [ -45.914463167943232, -23.31422142952869 ] ] ] ] } },
{ "type": "Feature", "properties": { "fid": 444, "value": 1, "CD_MUN": "3524402", "NM_MUN": "Jacareí", "CD_RGI": "350049", "NM_RGI": "São José dos Campos", "CD_RGINT": "3511", "NM_RGINT": "São José dos Campos", "CD_UF": "35", "NM_UF": "São Paulo", "SIGLA_UF": "SP", "CD_REGIA": "3", "NM_REGIA": "Sudeste", "SIGLA_RG": "SE", "CD_CONCU": "3549904", "NM_CONCU": "São José dos Campos/SP", "AREA_KM2": 464.272 }, "geometry": { "type": "MultiPolygon", "coordinates": [ [ [ [ -46.037701949446202, -23.316163573318722 ], [ -46.037708960639925, -23.317066732895306 ], [ -46.039664807580451, -23.317053770024245 ], [ -46.039657783178022, -23.316150611007807 ], [ -46.037701949446202, -23.316163573318722 ] ] ] ] } },
{ "type": "Feature", "properties": { "fid": 446, "value": 1, "CD_MUN": "3524402", "NM_MUN": "Jacareí", "CD_RGI": "350049", "NM_RGI": "São José dos Campos", "CD_RGINT": "3511", "NM_RGINT": "São José dos Campos", "CD_UF": "35", "NM_UF": "São Paulo", "SIGLA_UF": "SP", "CD_REGIA": "3", "NM_REGIA": "Sudeste", "SIGLA_RG": "SE", "CD_CONCU": "3549904", "NM_CONCU": "São José dos Campos/SP", "AREA_KM2": 464.272 }, "geometry": { "type": "MultiPolygon", "coordinates": [ [ [ [ -46.078766870578477, -23.314983093486148 ], [ -46.078781447349158, -23.316789388776431 ], [ -46.079759355948163, -23.316782654202115 ], [ -46.079766651485308, -23.317685801396962 ], [ -46.080744566323169, -23.317679060431828 ], [ -46.08072266099613, -23.314969619402554 ], [ -46.078766870578477, -23.314983093486148 ] ] ] ] } },
{ "type": "Feature", "properties": { "fid": 447, "value": 1, "CD_MUN": "3524402", "NM_MUN": "Jacareí", "CD_RGI": "350049", "NM_RGI": "São José dos Campos", "CD_RGINT": "3511", "NM_RGINT": "São José dos Campos", "CD_UF": "35", "NM_UF": "São Paulo", "SIGLA_UF": "SP", "CD_REGIA": "3", "NM_REGIA": "Sudeste", "SIGLA_RG": "SE", "CD_CONCU": "3549904", "NM_CONCU": "São José dos Campos/SP", "AREA_KM2": 464.272 }, "geometry": { "type": "MultiPolygon", "coordinates": [ [ [ [ -46.045532339947947, -23.317014735013586 ], [ -46.045539404330086, -23.31791789223719 ], [ -46.046517331759588, -23.317911364770485 ], [ -46.046510260772834, -23.317008207828938 ], [ -46.045532339947947, -23.317014735013586 ] ] ] ] } },
{ "type": "Feature", "properties": { "fid": 450, "value": 1, "CD_MUN": "3524402", "NM_MUN": "Jacareí", "CD_RGI": "350049", "NM_RGI": "São José dos Campos", "CD_RGINT": "3511", "NM_RGINT": "São José dos Campos", "CD_UF": "35", "NM_UF": "São Paulo", "SIGLA_UF": "SP", "CD_REGIA": "3", "NM_REGIA": "Sudeste", "SIGLA_RG": "SE", "CD_CONCU": "3549904", "NM_CONCU": "São José dos Campos/SP", "AREA_KM2": 464.272 }, "geometry": { "type": "MultiPolygon", "coordinates": [ [ [ [ -46.072899490575629, -23.31502336936019 ], [ -46.072913988100872, -23.316829668131529 ], [ -46.073891898885158, -23.316822970154629 ], [ -46.073906411071583, -23.318629267922439 ], [ -46.075862257967493, -23.318615852510547 ], [ -46.075847719363239, -23.316809555902065 ], [ -46.077803538385126, -23.316796117251201 ], [ -46.077788974821956, -23.314989821379427 ], [ -46.072899490575629, -23.31502336936019 ] ] ] ] } },
{ "type": "Feature", "properties": { "fid": 455, "value": 1, "CD_MUN": "3524402", "NM_MUN": "Jacareí", "CD_RGI": "350049", "NM_RGI": "São José dos Campos", "CD_RGINT": "3511", "NM_RGINT": "São José dos Campos", "CD_UF": "35", "NM_UF": "São Paulo", "SIGLA_UF": "SP", "CD_REGIA": "3", "NM_REGIA": "Sudeste", "SIGLA_RG": "SE", "CD_CONCU": "3549904", "NM_CONCU": "São José dos Campos/SP", "AREA_KM2": 464.272 }, "geometry": { "type": "MultiPolygon", "coordinates": [ [ [ [ -46.095413244820236, -23.317577213985082 ], [ -46.095428048339379, -23.319383498671801 ], [ -46.097383892280071, -23.319369814268256 ], [ -46.09736906234275, -23.317563530764076 ], [ -46.095413244820236, -23.317577213985082 ] ] ] ] } },
{ "type": "Feature", "properties": { "fid": 457, "value": 1, "CD_MUN": "3524402", "NM_MUN": "Jacareí", "CD_RGI": "350049", "NM_RGI": "São José dos Campos", "CD_RGINT": "3511", "NM_RGINT": "São José dos Campos", "CD_UF": "35", "NM_UF": "São Paulo", "SIGLA_UF": "SP", "CD_REGIA": "3", "NM_REGIA": "Sudeste", "SIGLA_RG": "SE", "CD_CONCU": "3549904", "NM_CONCU": "São José dos Campos/SP", "AREA_KM2": 464.272 }, "geometry": { "type": "MultiPolygon", "coordinates": [ [ [ [ -46.035704133759815, -23.310757548190587 ], [ -46.035725122457812, -23.313467030187827 ], [ -46.033769325541954, -23.313479942027293 ], [ -46.033776309268674, -23.314383103039045 ], [ -46.034754214505078, -23.31437664988988 ], [ -46.034782179327031, -23.317989291761258 ], [ -46.036738041582922, -23.317976364931198 ], [ -46.036745046873918, -23.318879524575411 ], [ -46.035767109316176, -23.31888599131997 ], [ -46.035781107739609, -23.320692310849157 ], [ -46.041648807083043, -23.32065341551402 ], [ -46.041641768061965, -23.319750257482987 ], [ -46.042619710115012, -23.319743753854791 ], [ -46.042605619920067, -23.317937438036562 ], [ -46.044561476546782, -23.317924413603773 ], [ -46.044554418769259, -23.317021256098379 ], [ -46.045532339947947, -23.317014735013586 ], [ -46.045518212245049, -23.315208420248201 ], [ -46.044540304274619, -23.31521494076943 ], [ -46.044547361345209, -23.316118098486928 ], [ -46.042591531136388, -23.316131121794143 ], [ -46.042598575351825, -23.317034279968375 ], [ -46.039664807580451, -23.317053770024245 ], [ -46.039671832334705, -23.317956928934645 ], [ -46.037715972184792, -23.317969892365863 ], [ -46.037708960639925, -23.317066732895306 ], [ -46.036731036642763, -23.31707320518095 ], [ -46.036703020390227, -23.313460565119755 ], [ -46.037680917971862, -23.313454093952803 ], [ -46.037673908182654, -23.312550933952124 ], [ -46.036696017204065, -23.31255740483941 ], [ -46.036682011884039, -23.310751083960707 ], [ -46.035704133759815, -23.310757548190587 ] ] ] ] } },
{ "type": "Feature", "properties": { "fid": 458, "value": 1, "CD_MUN": "3524402", "NM_MUN": "Jacareí", "CD_RGI": "350049", "NM_RGI": "São José dos Campos", "CD_RGINT": "3511", "NM_RGINT": "São José dos Campos", "CD_UF": "35", "NM_UF": "São Paulo", "SIGLA_UF": "SP", "CD_REGIA": "3", "NM_REGIA": "Sudeste", "SIGLA_RG": "SE", "CD_CONCU": "3549904", "NM_CONCU": "São José dos Campos/SP", "AREA_KM2": 464.272 }, "geometry": { "type": "MultiPolygon", "coordinates": [ [ [ [ -45.809854820707265, -23.32021632401041 ], [ -45.809849348048928, -23.319313106603467 ], [ -45.808317880525514, -23.319321013319353 ], [ -45.808467, -23.319394 ], [ -45.808778, -23.31974 ], [ -45.8088292, -23.3197764 ], [ -45.809055, -23.319937 ], [ -45.809135, -23.32005 ], [ -45.809120287067877, -23.320220118293228 ], [ -45.809854820707265, -23.32021632401041 ] ] ], [ [ [ -45.807909720116434, -23.322032855711932 ], [ -45.807908489923136, -23.321829355244084 ], [ -45.807866, -23.321831 ], [ -45.807808, -23.321922 ], [ -45.807834073196915, -23.322033245714419 ], [ -45.807909720116434, -23.322032855711932 ] ] ] ] } },
{ "type": "Feature", "properties": { "fid": 459, "value": 1, "CD_MUN": "3524402", "NM_MUN": "Jacareí", "CD_RGI": "350049", "NM_RGI": "São José dos Campos", "CD_RGINT": "3511", "NM_RGINT": "São José dos Campos", "CD_UF": "35", "NM_UF": "São Paulo", "SIGLA_UF": "SP", "CD_REGIA": "3", "NM_REGIA": "Sudeste", "SIGLA_RG": "SE", "CD_CONCU": "3549904", "NM_CONCU": "São José dos Campos/SP", "AREA_KM2": 464.272 }, "geometry": { "type": "MultiPolygon", "coordinates": [ [ [ [ -45.911566303439038, -23.319657680344822 ], [ -45.911578623890037, -23.321464066563994 ], [ -45.912556616529869, -23.321458374154872 ], [ -45.912544282865269, -23.319651988427609 ], [ -45.911566303439038, -23.319657680344822 ] ] ] ] } },
{ "type": "Feature", "properties": { "fid": 461, "value": 1, "CD_MUN": "3524402", "NM_MUN": "Jacareí", "CD_RGI": "350049", "NM_RGI": "São José dos Campos", "CD_RGINT": "3511", "NM_RGINT": "São José dos Campos", "CD_UF": "35", "NM_UF": "São Paulo", "SIGLA_UF": "SP", "CD_REGIA": "3", "NM_REGIA": "Sudeste", "SIGLA_RG": "SE", "CD_CONCU": "3549904", "NM_CONCU": "São José dos Campos/SP", "AREA_KM2": 464.272 }, "geometry": { "type": "MultiPolygon", "coordinates": [ [ [ [ -45.977103432039534, -23.32106918391786 ], [ -45.977110035395746, -23.321972359807106 ], [ -45.978088013217715, -23.321966258315168 ], [ -45.978081403254855, -23.321063082689541 ], [ -45.977103432039534, -23.32106918391786 ] ] ] ] } },
{ "type": "Feature", "properties": { "fid": 462, "value": 1, "CD_MUN": "3524402", "NM_MUN": "Jacareí", "CD_RGI": "350049", "NM_RGI": "São José dos Campos", "CD_RGINT": "3511", "NM_RGINT": "São José dos Campos", "CD_UF": "35", "NM_UF": "São Paulo", "SIGLA_UF": "SP", "CD_REGIA": "3", "NM_REGIA": "Sudeste", "SIGLA_RG": "SE", "CD_CONCU": "3549904", "NM_CONCU": "São José dos Campos/SP", "AREA_KM2": 464.272 }, "geometry": { "type": "MultiPolygon", "coordinates": [ [ [ [ -46.016167090655081, -23.313595050771148 ], [ -46.015189185432689, -23.313601387760738 ], [ -46.015202902295911, -23.315407720175521 ], [ -46.014224983522439, -23.315414051613256 ], [ -46.014229885206589, -23.316060117919712 ], [ -46.015416972516533, -23.316170611743591 ], [ -46.015178670907147, -23.316503688080715 ], [ -46.014749057248046, -23.317075111650649 ], [ -46.014515200665883, -23.317395568409253 ], [ -46.014499775096098, -23.31745861748588 ], [ -46.014620201829949, -23.317459936168046 ], [ -46.014541301307773, -23.318140298498019 ], [ -46.012662491062898, -23.318010814640122 ], [ -46.012673958815313, -23.317275283559674 ], [ -46.012698916279618, -23.317230341612415 ], [ -46.012282823556802, -23.317233029821033 ], [ -46.01229650353757, -23.319039363028434 ], [ -46.013274449416301, -23.319033042697551 ], [ -46.013281296526166, -23.31993620886924 ], [ -46.012303344041804, -23.31994252947322 ], [ -46.012310184888634, -23.320845695812068 ], [ -46.011332225455718, -23.320852010587945 ], [ -46.011339060038829, -23.321755177093689 ], [ -46.012317026078051, -23.321748862044966 ], [ -46.012323867610071, -23.322652028171905 ], [ -46.016235754764004, -23.322626705868366 ], [ -46.016228886805557, -23.321723540835453 ], [ -46.017206851128442, -23.321717195279469 ], [ -46.017193103031168, -23.319910865444065 ], [ -46.018171053797651, -23.319904514335501 ], [ -46.018164173659798, -23.31900134953327 ], [ -46.019142117476143, -23.318994992598501 ], [ -46.019135231077613, -23.318091827964992 ], [ -46.022069040640353, -23.318072721382624 ], [ -46.02206213477205, -23.317169557468763 ], [ -46.021084205201433, -23.317175932154417 ], [ -46.021077306283537, -23.316272767859122 ], [ -46.020099382971949, -23.316279136169509 ], [ -46.020092491003787, -23.315375971493051 ], [ -46.018136656553857, -23.315388689264765 ], [ -46.018129778138686, -23.314485523932749 ], [ -46.017151867000706, -23.31449187339485 ], [ -46.017138124410735, -23.312685541864198 ], [ -46.016160226135447, -23.312691884678721 ], [ -46.016167090655081, -23.313595050771148 ] ] ], [ [ [ -46.013253910144087, -23.316323543546833 ], [ -46.013255933507729, -23.316590479696668 ], [ -46.013259467861275, -23.316587450632344 ], [ -46.013542169737867, -23.316321679603682 ], [ -46.013253910144087, -23.316323543546833 ] ] ] ] } },
{ "type": "Feature", "properties": { "fid": 463, "value": 1, "CD_MUN": "3524402", "NM_MUN": "Jacareí", "CD_RGI": "350049", "NM_RGI": "São José dos Campos", "CD_RGINT": "3511", "NM_RGINT": "São José dos Campos", "CD_UF": "35", "NM_UF": "São Paulo", "SIGLA_UF": "SP", "CD_REGIA": "3", "NM_REGIA": "Sudeste", "SIGLA_RG": "SE", "CD_CONCU": "3549904", "NM_CONCU": "São José dos Campos/SP", "AREA_KM2": 464.272 }, "geometry": { "type": "MultiPolygon", "coordinates": [ [ [ [ -46.04945820307757, -23.318794901757485 ], [ -46.049479478675416, -23.321504369084167 ], [ -46.047523572745156, -23.321517456779866 ], [ -46.047530652108954, -23.322420612908722 ], [ -46.050464530290462, -23.322400971364861 ], [ -46.050436135693424, -23.318788349607285 ], [ -46.04945820307757, -23.318794901757485 ] ] ] ] } },
{ "type": "Feature", "properties": { "fid": 464, "value": 1, "CD_MUN": "3524402", "NM_MUN": "Jacareí", "CD_RGI": "350049", "NM_RGI": "São José dos Campos", "CD_RGINT": "3511", "NM_RGINT": "São José dos Campos", "CD_UF": "35", "NM_UF": "São Paulo", "SIGLA_UF": "SP", "CD_REGIA": "3", "NM_REGIA": "Sudeste", "SIGLA_RG": "SE", "CD_CONCU": "3549904", "NM_CONCU": "São José dos Campos/SP", "AREA_KM2": 464.272 }, "geometry": { "type": "MultiPolygon", "coordinates": [ [ [ [ -46.08563413502015, -23.31764526410949 ], [ -46.085641470549895, -23.318548409446489 ], [ -46.086619389793007, -23.318541631589881 ], [ -46.086634075164632, -23.32034792135947 ], [ -46.088589938967317, -23.320334346173208 ], [ -46.088597295415667, -23.321237490312118 ], [ -46.089575233370041, -23.321230693274554 ], [ -46.089582596792582, -23.322133837013549 ], [ -46.091538484806343, -23.322120224048003 ], [ -46.091531108172262, -23.321217080897142 ], [ -46.09250904501944, -23.321210265557315 ], [ -46.092494279648932, -23.319403979525745 ], [ -46.089560507631148, -23.319424405477829 ], [ -46.089553145314781, -23.318521261420106 ], [ -46.087597308668414, -23.318534847633273 ], [ -46.087589959929687, -23.317631702882267 ], [ -46.08563413502015, -23.31764526410949 ] ] ] ] } },
{ "type": "Feature", "properties": { "fid": 465, "value": 1, "CD_MUN": "3524402", "NM_MUN": "Jacareí", "CD_RGI": "350049", "NM_RGI": "São José dos Campos", "CD_RGINT": "3511", "NM_RGINT": "São José dos Campos", "CD_UF": "35", "NM_UF": "São Paulo", "SIGLA_UF": "SP", "CD_REGIA": "3", "NM_REGIA": "Sudeste", "SIGLA_RG": "SE", "CD_CONCU": "3549904", "NM_CONCU": "São José dos Campos/SP", "AREA_KM2": 464.272 }, "geometry": { "type": "MultiPolygon", "coordinates": [ [ [ [ -45.912556616529869, -23.321458374154872 ], [ -45.912562783825443, -23.322361566860103 ], [ -45.913540782763711, -23.322355868102722 ], [ -45.913546956975765, -23.323259060456124 ], [ -45.914524962212454, -23.323253355349959 ], [ -45.914512600882652, -23.321446971030515 ], [ -45.912556616529869, -23.321458374154872 ] ] ] ] } },
{ "type": "Feature", "properties": { "fid": 466, "value": 1, "CD_MUN": "3524402", "NM_MUN": "Jacareí", "CD_RGI": "350049", "NM_RGI": "São José dos Campos", "CD_RGINT": "3511", "NM_RGINT": "São José dos Campos", "CD_UF": "35", "NM_UF": "São Paulo", "SIGLA_UF": "SP", "CD_REGIA": "3", "NM_REGIA": "Sudeste", "SIGLA_RG": "SE", "CD_CONCU": "3549904", "NM_CONCU": "São José dos Campos/SP", "AREA_KM2": 464.272 }, "geometry": { "type": "MultiPolygon", "coordinates": [ [ [ [ -45.948748536049081, -23.322146648767919 ], [ -45.94875494812915, -23.323049832081704 ], [ -45.949732942014258, -23.323043907288589 ], [ -45.949726523326916, -23.322140724230781 ], [ -45.948748536049081, -23.322146648767919 ] ] ] ] } },
{ "type": "Feature", "properties": { "fid": 468, "value": 1, "CD_MUN": "3524402", "NM_MUN": "Jacareí", "CD_RGI": "350049", "NM_RGI": "São José dos Campos", "CD_RGINT": "3511", "NM_RGINT": "São José dos Campos", "CD_UF": "35", "NM_UF": "São Paulo", "SIGLA_UF": "SP", "CD_REGIA": "3", "NM_REGIA": "Sudeste", "SIGLA_RG": "SE", "CD_CONCU": "3549904", "NM_CONCU": "São José dos Campos/SP", "AREA_KM2": 464.272 }, "geometry": { "type": "MultiPolygon", "coordinates": [ [ [ [ -46.019162778741112, -23.321704485863222 ], [ -46.019176554642343, -23.323510814176494 ], [ -46.02015453114489, -23.323504449766336 ], [ -46.020140742030236, -23.321698122002985 ], [ -46.019162778741112, -23.321704485863222 ] ] ] ] } },
{ "type": "Feature", "properties": { "fid": 469, "value": 1, "CD_MUN": "3524402", "NM_MUN": "Jacareí", "CD_RGI": "350049", "NM_RGI": "São José dos Campos", "CD_RGINT": "3511", "NM_RGINT": "São José dos Campos", "CD_UF": "35", "NM_UF": "São Paulo", "SIGLA_UF": "SP", "CD_REGIA": "3", "NM_REGIA": "Sudeste", "SIGLA_RG": "SE", "CD_CONCU": "3549904", "NM_CONCU": "São José dos Campos/SP", "AREA_KM2": 464.272 }, "geometry": { "type": "MultiPolygon", "coordinates": [ [ [ [ -45.982013194967841, -23.323748140149355 ], [ -45.983969173390598, -23.323735868985974 ], [ -45.983966664504656, -23.323395142191423 ], [ -45.983892981299952, -23.323368458787048 ], [ -45.983848242553421, -23.32328197061981 ], [ -45.983845021513133, -23.323104911064107 ], [ -45.983545819399289, -23.323090505829871 ], [ -45.983341491807039, -23.323209007398543 ], [ -45.983091173827873, -23.323327450815693 ], [ -45.982872249551626, -23.323382693847801 ], [ -45.982575292604729, -23.323426793291123 ], [ -45.9820120091115, -23.32358677142329 ], [ -45.982013194967841, -23.323748140149355 ] ] ] ] } },
{ "type": "Feature", "properties": { "fid": 470, "value": 1, "CD_MUN": "3524402", "NM_MUN": "Jacareí", "CD_RGI": "350049", "NM_RGI": "São José dos Campos", "CD_RGINT": "3511", "NM_RGINT": "São José dos Campos", "CD_UF": "35", "NM_UF": "São Paulo", "SIGLA_UF": "SP", "CD_REGIA": "3", "NM_REGIA": "Sudeste", "SIGLA_RG": "SE", "CD_CONCU": "3549904", "NM_CONCU": "São José dos Campos/SP", "AREA_KM2": 464.272 }, "geometry": { "type": "MultiPolygon", "coordinates": [ [ [ [ -46.018198577794855, -23.323517172484721 ], [ -46.018205459655654, -23.324420336757086 ], [ -46.019183443110364, -23.324413978174157 ], [ -46.019176554642343, -23.323510814176494 ], [ -46.018198577794855, -23.323517172484721 ] ] ] ] } },
{ "type": "Feature", "properties": { "fid": 471, "value": 1, "CD_MUN": "3524402", "NM_MUN": "Jacareí", "CD_RGI": "350049", "NM_RGI": "São José dos Campos", "CD_RGINT": "3511", "NM_RGINT": "São José dos Campos", "CD_UF": "35", "NM_UF": "São Paulo", "SIGLA_UF": "SP", "CD_REGIA": "3", "NM_REGIA": "Sudeste", "SIGLA_RG": "SE", "CD_CONCU": "3549904", "NM_CONCU": "São José dos Campos/SP", "AREA_KM2": 464.272 }, "geometry": { "type": "MultiPolygon", "coordinates": [ [ [ [ -45.915509154876737, -23.324150835895789 ], [ -45.915515342923733, -23.32505402754472 ], [ -45.916493360757201, -23.325048309739419 ], [ -45.916487166101952, -23.324145118337508 ], [ -45.915509154876737, -23.324150835895789 ] ] ] ] } },
{ "type": "Feature", "properties": { "fid": 472, "value": 1, "CD_MUN": "3524402", "NM_MUN": "Jacareí", "CD_RGI": "350049", "NM_RGI": "São José dos Campos", "CD_RGINT": "3511", "NM_RGINT": "São José dos Campos", "CD_UF": "35", "NM_UF": "São Paulo", "SIGLA_UF": "SP", "CD_REGIA": "3", "NM_REGIA": "Sudeste", "SIGLA_RG": "SE", "CD_CONCU": "3549904", "NM_CONCU": "São José dos Campos/SP", "AREA_KM2": 464.272 }, "geometry": { "type": "MultiPolygon", "coordinates": [ [ [ [ -45.953644914336934, -23.323020147093537 ], [ -45.953664251622513, -23.325729692552859 ], [ -45.956598286947489, -23.325711806014979 ], [ -45.956585355452766, -23.323905444026583 ], [ -45.955607357217175, -23.32391141179323 ], [ -45.955613816194784, -23.324814593098139 ], [ -45.954635811027885, -23.324820555019866 ], [ -45.954622906611519, -23.323014191789163 ], [ -45.953644914336934, -23.323020147093537 ] ] ] ] } },
{ "type": "Feature", "properties": { "fid": 473, "value": 1, "CD_MUN": "3524402", "NM_MUN": "Jacareí", "CD_RGI": "350049", "NM_RGI": "São José dos Campos", "CD_RGINT": "3511", "NM_RGINT": "São José dos Campos", "CD_UF": "35", "NM_UF": "São Paulo", "SIGLA_UF": "SP", "CD_REGIA": "3", "NM_REGIA": "Sudeste", "SIGLA_RG": "SE", "CD_CONCU": "3549904", "NM_CONCU": "São José dos Campos/SP", "AREA_KM2": 464.272 }, "geometry": { "type": "MultiPolygon", "coordinates": [ [ [ [ -45.982026470073137, -23.32555448854546 ], [ -45.983004472666387, -23.325548355484997 ], [ -45.983000340639187, -23.324986687800447 ], [ -45.982988011590123, -23.324983202575002 ], [ -45.982869513673904, -23.324877441483551 ], [ -45.9827473701434, -23.32475559633637 ], [ -45.98259750010066, -23.324654985678563 ], [ -45.982581172861927, -23.324647795105115 ], [ -45.982019832354297, -23.324651314400334 ], [ -45.982026470073137, -23.32555448854546 ] ] ] ] } },
{ "type": "Feature", "properties": { "fid": 474, "value": 1, "CD_MUN": "3524402", "NM_MUN": "Jacareí", "CD_RGI": "350049", "NM_RGI": "São José dos Campos", "CD_RGINT": "3511", "NM_RGINT": "São José dos Campos", "CD_UF": "35", "NM_UF": "São Paulo", "SIGLA_UF": "SP", "CD_REGIA": "3", "NM_REGIA": "Sudeste", "SIGLA_RG": "SE", "CD_CONCU": "3549904", "NM_CONCU": "São José dos Campos/SP", "AREA_KM2": 464.272 }, "geometry": { "type": "MultiPolygon", "coordinates": [ [ [ [ -45.916493360757201, -23.325048309739419 ], [ -45.916499555722666, -23.325951501035703 ], [ -45.917477579854491, -23.325945776880047 ], [ -45.917471378280453, -23.325042585831053 ], [ -45.916493360757201, -23.325048309739419 ] ] ] ] } },
{ "type": "Feature", "properties": { "fid": 475, "value": 1, "CD_MUN": "3524402", "NM_MUN": "Jacareí", "CD_RGI": "350049", "NM_RGI": "São José dos Campos", "CD_RGINT": "3511", "NM_RGINT": "São José dos Campos", "CD_UF": "35", "NM_UF": "São Paulo", "SIGLA_UF": "SP", "CD_REGIA": "3", "NM_REGIA": "Sudeste", "SIGLA_RG": "SE", "CD_CONCU": "3549904", "NM_CONCU": "São José dos Campos/SP", "AREA_KM2": 464.272 }, "geometry": { "type": "MultiPolygon", "coordinates": [ [ [ [ -45.8127888490991, -23.320201133746931 ], [ -45.81281082176988, -23.323813999696352 ], [ -45.813788857116158, -23.323808923193354 ], [ -45.813799858320252, -23.325615355097636 ], [ -45.815755954622119, -23.325605182902791 ], [ -45.815761468856351, -23.326508398257499 ], [ -45.81771757727266, -23.326498201206832 ], [ -45.817712049819477, -23.325594986292643 ], [ -45.816734002359027, -23.325600087649622 ], [ -45.816722961500972, -23.323793657064506 ], [ -45.815744926982035, -23.32379875187743 ], [ -45.815739413576168, -23.322895536206786 ], [ -45.814761385389616, -23.322900624696548 ], [ -45.814750372622179, -23.321094192599663 ], [ -45.813772357375875, -23.321099274547198 ], [ -45.81376685801331, -23.320196058121233 ], [ -45.8127888490991, -23.320201133746931 ] ] ] ] } },
{ "type": "Feature", "properties": { "fid": 476, "value": 1, "CD_MUN": "3524402", "NM_MUN": "Jacareí", "CD_RGI": "350049", "NM_RGI": "São José dos Campos", "CD_RGINT": "3511", "NM_RGINT": "São José dos Campos", "CD_UF": "35", "NM_UF": "São Paulo", "SIGLA_UF": "SP", "CD_REGIA": "3", "NM_REGIA": "Sudeste", "SIGLA_RG": "SE", "CD_CONCU": "3549904", "NM_CONCU": "São José dos Campos/SP", "AREA_KM2": 464.272 }, "geometry": { "type": "MultiPolygon", "coordinates": [ [ [ [ -46.025980781880271, -23.318047160534913 ], [ -46.025987714515168, -23.318950323238294 ], [ -46.02794359626359, -23.318937505658802 ], [ -46.027957488997565, -23.320743829639881 ], [ -46.028935442561398, -23.32073741114468 ], [ -46.028977168754643, -23.326156378879659 ], [ -46.029955161611895, -23.326149952617808 ], [ -46.029941238272606, -23.324343631018781 ], [ -46.030919217566066, -23.324337199210039 ], [ -46.030912249812211, -23.323434038529339 ], [ -46.03286819413789, -23.323421157162109 ], [ -46.032861213519446, -23.322517996931893 ], [ -46.033839178551361, -23.322511547374205 ], [ -46.033832191676076, -23.321608387316612 ], [ -46.034810149751706, -23.321601931936293 ], [ -46.034803156620249, -23.320698772051575 ], [ -46.032847253331241, -23.320711676153397 ], [ -46.032833294541192, -23.318905354950793 ], [ -46.031855355583389, -23.318911797293424 ], [ -46.03186232819823, -23.319814958226104 ], [ -46.030884382285798, -23.319821394746338 ], [ -46.03087741627639, -23.318918233535548 ], [ -46.02892153661616, -23.318931087718244 ], [ -46.02891458416584, -23.318027925846017 ], [ -46.025980781880271, -23.318047160534913 ] ] ] ] } },
{ "type": "Feature", "properties": { "fid": 477, "value": 1, "CD_MUN": "3524402", "NM_MUN": "Jacareí", "CD_RGI": "350049", "NM_RGI": "São José dos Campos", "CD_RGINT": "3511", "NM_RGINT": "São José dos Campos", "CD_UF": "35", "NM_UF": "São Paulo", "SIGLA_UF": "SP", "CD_REGIA": "3", "NM_REGIA": "Sudeste", "SIGLA_RG": "SE", "CD_CONCU": "3549904", "NM_CONCU": "São José dos Campos/SP", "AREA_KM2": 464.272 }, "geometry": { "type": "MultiPolygon", "coordinates": [ [ [ [ -45.829442991175085, -23.324630081559349 ], [ -45.829448597660537, -23.325533293913608 ], [ -45.828470553543418, -23.325538468515859 ], [ -45.828476153700258, -23.326441680988317 ], [ -45.827498102693326, -23.326446849710134 ], [ -45.827503696520893, -23.327350062300535 ], [ -45.829459811473733, -23.327339718306057 ], [ -45.829454204426753, -23.326436506162505 ], [ -45.83043225487247, -23.326431325232708 ], [ -45.830426641496892, -23.325528113207632 ], [ -45.831404685052156, -23.32552292639793 ], [ -45.831399065348648, -23.324619714491572 ], [ -45.829442991175085, -23.324630081559349 ] ] ] ] } },
{ "type": "Feature", "properties": { "fid": 478, "value": 1, "CD_MUN": "3524402", "NM_MUN": "Jacareí", "CD_RGI": "350049", "NM_RGI": "São José dos Campos", "CD_RGINT": "3511", "NM_RGINT": "São José dos Campos", "CD_UF": "35", "NM_UF": "São Paulo", "SIGLA_UF": "SP", "CD_REGIA": "3", "NM_REGIA": "Sudeste", "SIGLA_RG": "SE", "CD_CONCU": "3549904", "NM_CONCU": "São José dos Campos/SP", "AREA_KM2": 464.272 }, "geometry": { "type": "MultiPolygon", "coordinates": [ [ [ [ -45.980077088724471, -23.326469910926406 ], [ -45.981055098590453, -23.326463789807097 ], [ -45.981061730365475, -23.327366964005208 ], [ -45.982039746507986, -23.327360836518146 ], [ -45.982026470073137, -23.32555448854546 ], [ -45.981048467147488, -23.325560615503132 ], [ -45.98104273568191, -23.324779977764475 ], [ -45.980958692024515, -23.32485070404206 ], [ -45.980880247734632, -23.324959071387589 ], [ -45.980772530007329, -23.325053655210613 ], [ -45.980717243594825, -23.325119492913281 ], [ -45.980582899980824, -23.325142121288472 ], [ -45.980499479783347, -23.325143949294333 ], [ -45.98043283671619, -23.325119553557688 ], [ -45.980301828419449, -23.325019651847409 ], [ -45.980150634118935, -23.324827529644313 ], [ -45.980064671502767, -23.324777013596126 ], [ -45.980077088724471, -23.326469910926406 ] ] ], [ [ [ -45.980517450831499, -23.324660723609128 ], [ -45.980611903202657, -23.324758239905407 ], [ -45.980703512932827, -23.32467638139552 ], [ -45.980721160269574, -23.324659448649175 ], [ -45.980517450831499, -23.324660723609128 ] ] ] ] } },
{ "type": "Feature", "properties": { "fid": 479, "value": 1, "CD_MUN": "3524402", "NM_MUN": "Jacareí", "CD_RGI": "350049", "NM_RGI": "São José dos Campos", "CD_RGINT": "3511", "NM_RGINT": "São José dos Campos", "CD_UF": "35", "NM_UF": "São Paulo", "SIGLA_UF": "SP", "CD_REGIA": "3", "NM_REGIA": "Sudeste", "SIGLA_RG": "SE", "CD_CONCU": "3549904", "NM_CONCU": "São José dos Campos/SP", "AREA_KM2": 464.272 }, "geometry": { "type": "MultiPolygon", "coordinates": [ [ [ [ -45.952686239201491, -23.325735642526112 ], [ -45.952699119121732, -23.327542006150985 ], [ -45.953677144760192, -23.327536055663639 ], [ -45.953664251622513, -23.325729692552859 ], [ -45.952686239201491, -23.325735642526112 ] ] ] ] } },
{ "type": "Feature", "properties": { "fid": 480, "value": 1, "CD_MUN": "3524402", "NM_MUN": "Jacareí", "CD_RGI": "350049", "NM_RGI": "São José dos Campos", "CD_RGINT": "3511", "NM_RGINT": "São José dos Campos", "CD_UF": "35", "NM_UF": "São Paulo", "SIGLA_UF": "SP", "CD_REGIA": "3", "NM_REGIA": "Sudeste", "SIGLA_RG": "SE", "CD_CONCU": "3549904", "NM_CONCU": "São José dos Campos/SP", "AREA_KM2": 464.272 }, "geometry": { "type": "MultiPolygon", "coordinates": [ [ [ [ -46.027999175549105, -23.326162799038862 ], [ -46.028006124525454, -23.3270659602343 ], [ -46.028984124339104, -23.327059539797741 ], [ -46.028977168754643, -23.326156378879659 ], [ -46.027999175549105, -23.326162799038862 ] ] ] ] } },
{ "type": "Feature", "properties": { "fid": 481, "value": 1, "CD_MUN": "3524402", "NM_MUN": "Jacareí", "CD_RGI": "350049", "NM_RGI": "São José dos Campos", "CD_RGINT": "3511", "NM_RGINT": "São José dos Campos", "CD_UF": "35", "NM_UF": "São Paulo", "SIGLA_UF": "SP", "CD_REGIA": "3", "NM_REGIA": "Sudeste", "SIGLA_RG": "SE", "CD_CONCU": "3549904", "NM_CONCU": "São José dos Campos/SP", "AREA_KM2": 464.272 }, "geometry": { "type": "MultiPolygon", "coordinates": [ [ [ [ -45.956604753180528, -23.326614986850529 ], [ -45.95661768661801, -23.328421348204323 ], [ -45.957595717572403, -23.328415373044706 ], [ -45.957582770916908, -23.326609012207122 ], [ -45.956604753180528, -23.326614986850529 ] ] ] ] } },
{ "type": "Feature", "properties": { "fid": 482, "value": 1, "CD_MUN": "3524402", "NM_MUN": "Jacareí", "CD_RGI": "350049", "NM_RGI": "São José dos Campos", "CD_RGINT": "3511", "NM_RGINT": "São José dos Campos", "CD_UF": "35", "NM_UF": "São Paulo", "SIGLA_UF": "SP", "CD_REGIA": "3", "NM_REGIA": "Sudeste", "SIGLA_RG": "SE", "CD_CONCU": "3549904", "NM_CONCU": "São José dos Campos/SP", "AREA_KM2": 464.272 }, "geometry": { "type": "MultiPolygon", "coordinates": [ [ [ [ -45.953677144760192, -23.327536055663639 ], [ -45.953683591813245, -23.32843923706039 ], [ -45.955639655339802, -23.328427317260154 ], [ -45.955633195068344, -23.327524136378287 ], [ -45.953677144760192, -23.327536055663639 ] ] ] ] } },
{ "type": "Feature", "properties": { "fid": 484, "value": 1, "CD_MUN": "3524402", "NM_MUN": "Jacareí", "CD_RGI": "350049", "NM_RGI": "São José dos Campos", "CD_RGINT": "3511", "NM_RGINT": "São José dos Campos", "CD_UF": "35", "NM_UF": "São Paulo", "SIGLA_UF": "SP", "CD_REGIA": "3", "NM_REGIA": "Sudeste", "SIGLA_RG": "SE", "CD_CONCU": "3549904", "NM_CONCU": "São José dos Campos/SP", "AREA_KM2": 464.272 }, "geometry": { "type": "MultiPolygon", "coordinates": [ [ [ [ -45.964389776268433, -23.321147944645489 ], [ -45.964396293737238, -23.322051123937786 ], [ -45.963418311315635, -23.32205714000413 ], [ -45.963411800453621, -23.321153960451902 ], [ -45.962433824312747, -23.321159970156689 ], [ -45.962440328567958, -23.322063149968582 ], [ -45.961462345494553, -23.322069153831141 ], [ -45.96146884346836, -23.322972333796663 ], [ -45.96244683314891, -23.322966329674706 ], [ -45.962453338055603, -23.323869509275045 ], [ -45.965387324963821, -23.323851459516426 ], [ -45.965393850019616, -23.32475463823118 ], [ -45.964415848102071, -23.324760661179997 ], [ -45.964428885977405, -23.326567018812529 ], [ -45.967362930398998, -23.326548930095253 ], [ -45.967356391472833, -23.325645752113303 ], [ -45.968334399017202, -23.325639710595521 ], [ -45.968340944551763, -23.326542888316471 ], [ -45.969318958376761, -23.326536840434517 ], [ -45.969332063647002, -23.328343195036453 ], [ -45.968354036604218, -23.328349243440947 ], [ -45.96836058312212, -23.329252420844458 ], [ -45.97031665009834, -23.329240317408978 ], [ -45.970303530953451, -23.327433963541754 ], [ -45.971700280035506, -23.327425306647367 ], [ -45.971576655878806, -23.327341962597391 ], [ -45.971137007022271, -23.327070878289287 ], [ -45.970904088458489, -23.326947480384323 ], [ -45.970269891104316, -23.326621154760108 ], [ -45.97009650478752, -23.326509782522503 ], [ -45.970052351069853, -23.326436788975215 ], [ -45.970015883230985, -23.3263659613302 ], [ -45.969980553032123, -23.326253734130727 ], [ -45.969986916987985, -23.326205883071417 ], [ -45.969999174655257, -23.326177474346682 ], [ -45.970059381098181, -23.326150539550422 ], [ -45.970107342735631, -23.326153784187628 ], [ -45.970255519002713, -23.326226354909554 ], [ -45.97050805893123, -23.326345426642522 ], [ -45.970641874109305, -23.326420742147796 ], [ -45.970770850802879, -23.326489889707894 ], [ -45.970922006888344, -23.326576607726729 ], [ -45.971084680698866, -23.32666502500561 ], [ -45.971226134110296, -23.326735865642945 ], [ -45.971346418526828, -23.326796212586746 ], [ -45.971473964285011, -23.32686625381724 ], [ -45.971698590512631, -23.326984292911501 ], [ -45.971844645450901, -23.327047232804322 ], [ -45.972118906143926, -23.327186309970205 ], [ -45.972250708944713, -23.327248355523334 ], [ -45.97245944838879, -23.327342683241351 ], [ -45.972579695212787, -23.327397717033548 ], [ -45.972624661716594, -23.327419570585558 ], [ -45.97323758929835, -23.327415764181382 ], [ -45.973239202537833, -23.327637228688872 ], [ -45.974293468783273, -23.326219199142972 ], [ -45.974839121881828, -23.325499938774922 ], [ -45.975318663079463, -23.32490245471849 ], [ -45.975463422748653, -23.324677633056876 ], [ -45.975525211711833, -23.324565602135102 ], [ -45.9755506593063, -23.324374197231545 ], [ -45.975533489807603, -23.324189255469875 ], [ -45.97549193919054, -23.323750798294427 ], [ -45.975432575595207, -23.323104825566528 ], [ -45.975403500366461, -23.322930582674019 ], [ -45.97537258538096, -23.322766976028412 ], [ -45.975328052582185, -23.322707931397417 ], [ -45.975237127870756, -23.322597822268751 ], [ -45.975156748909207, -23.322487647451602 ], [ -45.975059397893567, -23.322416535828193 ], [ -45.974940852460733, -23.322331389603811 ], [ -45.974866781470098, -23.322297319830529 ], [ -45.974690578934954, -23.322252634784274 ], [ -45.974513269818544, -23.322224143050335 ], [ -45.974373244235487, -23.322205779105445 ], [ -45.974209161320871, -23.322212473956213 ], [ -45.97402776249568, -23.322247390319177 ], [ -45.973747165152957, -23.322334003060938 ], [ -45.973192056959661, -23.322508575038476 ], [ -45.972572000655475, -23.322638735191219 ], [ -45.972086836764362, -23.322695149597585 ], [ -45.971484032763904, -23.3227319528159 ], [ -45.970845319686852, -23.322751707453705 ], [ -45.969965940203508, -23.322721737505521 ], [ -45.9696493013778, -23.322686510415259 ], [ -45.96944064204267, -23.322641106062211 ], [ -45.969266880749863, -23.322570232660482 ], [ -45.969103496462957, -23.32253121841131 ], [ -45.968968834439643, -23.322466891690421 ], [ -45.96883680871214, -23.322383269673093 ], [ -45.968646952960022, -23.322224344442802 ], [ -45.968453036144361, -23.322026103682823 ], [ -45.967330239042361, -23.322033039127504 ], [ -45.967310628157108, -23.319323503277342 ], [ -45.96828858945188, -23.319317463586462 ], [ -45.968249336890182, -23.313898390595934 ], [ -45.967271415225007, -23.313904428721031 ], [ -45.967297555870417, -23.317517145514994 ], [ -45.965341658721563, -23.317529205551246 ], [ -45.965348181490342, -23.318432385006457 ], [ -45.964370225820282, -23.318438406133936 ], [ -45.964376742309959, -23.319341585743558 ], [ -45.963398779707738, -23.31934760103012 ], [ -45.963405289917652, -23.320250780793899 ], [ -45.965361228007986, -23.320238743599567 ], [ -45.965367751756858, -23.321141922737457 ], [ -45.964389776268433, -23.321147944645489 ] ], [ [ -45.965354704585813, -23.319335564355899 ], [ -45.966332666534974, -23.319329536867155 ], [ -45.966339196563254, -23.320232715850373 ], [ -45.965361228007986, -23.320238743599567 ], [ -45.965354704585813, -23.319335564355899 ] ] ], [ [ [ -45.973244168533654, -23.328318940381724 ], [ -45.974222193932547, -23.328312861458887 ], [ -45.974218588941923, -23.327818482357365 ], [ -45.974116384114026, -23.327868106279588 ], [ -45.973889812044938, -23.327950922155431 ], [ -45.973721591716128, -23.328022799813287 ], [ -45.973526787431304, -23.32810741316846 ], [ -45.973433145605227, -23.328145563542027 ], [ -45.973332567347583, -23.328135158894703 ], [ -45.97324246825309, -23.328085535694097 ], [ -45.973244168533654, -23.328318940381724 ] ] ], [ [ [ -45.975193626548339, -23.327403600757506 ], [ -45.975187913602007, -23.326620882152497 ], [ -45.975102523912867, -23.326749859461231 ], [ -45.974888139739186, -23.327064625272911 ], [ -45.974938613575056, -23.327149309594752 ], [ -45.974809441484091, -23.327316568595439 ], [ -45.974729725951896, -23.327406487686563 ], [ -45.975193626548339, -23.327403600757506 ] ] ], [ [ [ -45.976158447545004, -23.325591158749415 ], [ -45.976132057243078, -23.321978455197261 ], [ -45.975487237147966, -23.321982470792676 ], [ -45.975626792086494, -23.322239192067595 ], [ -45.975718699804688, -23.322421273396099 ], [ -45.975833150925425, -23.322719539953233 ], [ -45.9758765036227, -23.322965783273663 ], [ -45.975874769514796, -23.32325537929135 ], [ -45.975884307108203, -23.323337749416137 ], [ -45.975921590427831, -23.323361159872643 ], [ -45.975951070261971, -23.323387171491003 ], [ -45.975961474909319, -23.323480813317072 ], [ -45.975974056883508, -23.323601704936294 ], [ -45.976003093498683, -23.323678501616588 ], [ -45.976034307440706, -23.323727056637498 ], [ -45.976065521382722, -23.323890062779192 ], [ -45.976107649293155, -23.324171513208164 ], [ -45.976125759641427, -23.324288273209426 ], [ -45.976128943171908, -23.324592831036917 ], [ -45.976083441141803, -23.324794985745584 ], [ -45.97600258317361, -23.325013297889544 ], [ -45.975927464282186, -23.325229803444874 ], [ -45.975857981041713, -23.325430336661515 ], [ -45.975772218768235, -23.325593564645544 ], [ -45.976158447545004, -23.325591158749415 ] ] ], [ [ [ -45.969458445323156, -23.322019886508059 ], [ -45.969715354273262, -23.322144235890899 ], [ -45.969972829358575, -23.32221790140029 ], [ -45.970268600919091, -23.322284246132963 ], [ -45.970614063930853, -23.32232814746358 ], [ -45.970936030243152, -23.322341504433119 ], [ -45.971165414104277, -23.322338897645782 ], [ -45.971375232248668, -23.322319003647806 ], [ -45.971574181946806, -23.322310290491107 ], [ -45.971678228420217, -23.32231722692266 ], [ -45.971869247627076, -23.322355783407229 ], [ -45.972083672346656, -23.32231018325745 ], [ -45.972385744439478, -23.322268671901742 ], [ -45.972575653074394, -23.322199111429949 ], [ -45.973003086848429, -23.322053642523354 ], [ -45.973124085007832, -23.321997164561047 ], [ -45.969458445323156, -23.322019886508059 ] ] ], [ [ [ -45.969130473466329, -23.322021915305079 ], [ -45.969317523640406, -23.322150239006877 ], [ -45.969408091148807, -23.322020198037926 ], [ -45.969130473466329, -23.322021915305079 ] ] ] ] } },
{ "type": "Feature", "properties": { "fid": 485, "value": 1, "CD_MUN": "3524402", "NM_MUN": "Jacareí", "CD_RGI": "350049", "NM_RGI": "São José dos Campos", "CD_RGINT": "3511", "NM_RGINT": "São José dos Campos", "CD_UF": "35", "NM_UF": "São Paulo", "SIGLA_UF": "SP", "CD_REGIA": "3", "NM_REGIA": "Sudeste", "SIGLA_RG": "SE", "CD_CONCU": "3549904", "NM_CONCU": "São José dos Campos/SP", "AREA_KM2": 464.272 }, "geometry": { "type": "MultiPolygon", "coordinates": [ [ [ [ -45.986916479708889, -23.325523762215443 ], [ -45.986923150801317, -23.326426934927309 ], [ -45.985945142932707, -23.326433092664843 ], [ -45.98593847844851, -23.325529919686971 ], [ -45.984960476854411, -23.32553607105574 ], [ -45.984967134730383, -23.326439244299362 ], [ -45.98301111732588, -23.326451529259316 ], [ -45.983017762318092, -23.327354702927771 ], [ -45.983995777795457, -23.327348563234089 ], [ -45.984002429729323, -23.32825173653146 ], [ -45.984980451482507, -23.328245590468995 ], [ -45.984987110358688, -23.329148763395001 ], [ -45.985965138387684, -23.329142610963224 ], [ -45.985958472902283, -23.32823943830298 ], [ -45.987914514740282, -23.328227115660312 ], [ -45.987907836370873, -23.327323943426482 ], [ -45.988885850179571, -23.327317773216397 ], [ -45.988892535157838, -23.328220945183684 ], [ -45.989870555240664, -23.328214768603541 ], [ -45.989857172401486, -23.326408425096684 ], [ -45.987901158335866, -23.326420771086759 ], [ -45.987894480635241, -23.32551759864117 ], [ -45.986916479708889, -23.325523762215443 ] ] ] ] } },
{ "type": "Feature", "properties": { "fid": 488, "value": 1, "CD_MUN": "3524402", "NM_MUN": "Jacareí", "CD_RGI": "350049", "NM_RGI": "São José dos Campos", "CD_RGINT": "3511", "NM_RGINT": "São José dos Campos", "CD_UF": "35", "NM_UF": "São Paulo", "SIGLA_UF": "SP", "CD_REGIA": "3", "NM_REGIA": "Sudeste", "SIGLA_RG": "SE", "CD_CONCU": "3549904", "NM_CONCU": "São José dos Campos/SP", "AREA_KM2": 464.272 }, "geometry": { "type": "MultiPolygon", "coordinates": [ [ [ [ -46.053426884841947, -23.325993891564547 ], [ -46.053448248262903, -23.328703352942334 ], [ -46.052470244039085, -23.328709926516705 ], [ -46.052463129150702, -23.327806772546293 ], [ -46.051485131179149, -23.327813339733758 ], [ -46.051492239459016, -23.328716493987855 ], [ -46.049536229231435, -23.328729610620471 ], [ -46.049529134168644, -23.327826455799805 ], [ -46.050507132851685, -23.32781990081827 ], [ -46.050492930575743, -23.326013591424893 ], [ -46.04951494510879, -23.326020145840126 ], [ -46.049522039461095, -23.326923300873027 ], [ -46.048544047031022, -23.326929849468691 ], [ -46.048565312393777, -23.329639314779371 ], [ -46.053455370116367, -23.329606506522676 ], [ -46.053462492326425, -23.330509659996885 ], [ -46.056396542510946, -23.330489900947693 ], [ -46.056389400473449, -23.329586748326925 ], [ -46.055411390711569, -23.329593340495631 ], [ -46.055389986569963, -23.326883881142265 ], [ -46.054411996276279, -23.326890466354104 ], [ -46.054404868884689, -23.325987312739581 ], [ -46.053426884841947, -23.325993891564547 ] ] ] ] } },
{ "type": "Feature", "properties": { "fid": 489, "value": 1, "CD_MUN": "3524402", "NM_MUN": "Jacareí", "CD_RGI": "350049", "NM_RGI": "São José dos Campos", "CD_RGINT": "3511", "NM_RGINT": "São José dos Campos", "CD_UF": "35", "NM_UF": "São Paulo", "SIGLA_UF": "SP", "CD_REGIA": "3", "NM_REGIA": "Sudeste", "SIGLA_RG": "SE", "CD_CONCU": "3549904", "NM_CONCU": "São José dos Campos/SP", "AREA_KM2": 464.272 }, "geometry": { "type": "MultiPolygon", "coordinates": [ [ [ [ -46.011400586690428, -23.329883670877336 ], [ -46.011407424696749, -23.330786836323458 ], [ -46.012385456817157, -23.330780518546089 ], [ -46.012378612201232, -23.329877353372847 ], [ -46.011400586690428, -23.329883670877336 ] ] ] ] } },
{ "type": "Feature", "properties": { "fid": 491, "value": 1, "CD_MUN": "3524402", "NM_MUN": "Jacareí", "CD_RGI": "350049", "NM_RGI": "São José dos Campos", "CD_RGINT": "3511", "NM_RGINT": "São José dos Campos", "CD_UF": "35", "NM_UF": "São Paulo", "SIGLA_UF": "SP", "CD_REGIA": "3", "NM_REGIA": "Sudeste", "SIGLA_RG": "SE", "CD_CONCU": "3549904", "NM_CONCU": "São José dos Campos/SP", "AREA_KM2": 464.272 }, "geometry": { "type": "MultiPolygon", "coordinates": [ [ [ [ -46.050528438932474, -23.330529364112447 ], [ -46.05054264476437, -23.332335672444621 ], [ -46.053476737816375, -23.332315966626886 ], [ -46.053469614893096, -23.331412813364949 ], [ -46.052491590841768, -23.331419387791176 ], [ -46.052484474884601, -23.33051623413915 ], [ -46.050528438932474, -23.330529364112447 ] ] ] ] } },
{ "type": "Feature", "properties": { "fid": 492, "value": 1, "CD_MUN": "3524402", "NM_MUN": "Jacareí", "CD_RGI": "350049", "NM_RGI": "São José dos Campos", "CD_RGINT": "3511", "NM_RGINT": "São José dos Campos", "CD_UF": "35", "NM_UF": "São Paulo", "SIGLA_UF": "SP", "CD_REGIA": "3", "NM_REGIA": "Sudeste", "SIGLA_RG": "SE", "CD_CONCU": "3549904", "NM_CONCU": "São José dos Campos/SP", "AREA_KM2": 464.272 }, "geometry": { "type": "MultiPolygon", "coordinates": [ [ [ [ -45.923383172027627, -23.331330438916254 ], [ -45.923395659166722, -23.333136816450779 ], [ -45.925351808515771, -23.333125272601578 ], [ -45.925345551567617, -23.332222084385723 ], [ -45.92436748366071, -23.332227859113591 ], [ -45.924361233636645, -23.331324670542649 ], [ -45.923383172027627, -23.331330438916254 ] ] ] ] } },
{ "type": "Feature", "properties": { "fid": 495, "value": 1, "CD_MUN": "3524402", "NM_MUN": "Jacareí", "CD_RGI": "350049", "NM_RGI": "São José dos Campos", "CD_RGINT": "3511", "NM_RGINT": "São José dos Campos", "CD_UF": "35", "NM_UF": "São Paulo", "SIGLA_UF": "SP", "CD_REGIA": "3", "NM_REGIA": "Sudeste", "SIGLA_RG": "SE", "CD_CONCU": "3549904", "NM_CONCU": "São José dos Campos/SP", "AREA_KM2": 464.272 }, "geometry": { "type": "MultiPolygon", "coordinates": [ [ [ [ -45.922417584023115, -23.333142579217313 ], [ -45.922423821450082, -23.334045768074962 ], [ -45.923401903205182, -23.334040005059528 ], [ -45.923395659166722, -23.333136816450779 ], [ -45.922417584023115, -23.333142579217313 ] ] ] ] } },
{ "type": "Feature", "properties": { "fid": 497, "value": 1, "CD_MUN": "3524402", "NM_MUN": "Jacareí", "CD_RGI": "350049", "NM_RGI": "São José dos Campos", "CD_RGINT": "3511", "NM_RGINT": "São José dos Campos", "CD_UF": "35", "NM_UF": "São Paulo", "SIGLA_UF": "SP", "CD_REGIA": "3", "NM_REGIA": "Sudeste", "SIGLA_RG": "SE", "CD_CONCU": "3549904", "NM_CONCU": "São José dos Campos/SP", "AREA_KM2": 464.272 }, "geometry": { "type": "MultiPolygon", "coordinates": [ [ [ [ -46.048586580950989, -23.33234877913501 ], [ -46.048593671179979, -23.333251933707981 ], [ -46.049571709874527, -23.333245383132024 ], [ -46.049578807069039, -23.334148537315954 ], [ -46.048600761763964, -23.334155088174821 ], [ -46.048607852702929, -23.335058242535535 ], [ -46.050563956179481, -23.335045134146881 ], [ -46.05054264476437, -23.332335672444621 ], [ -46.048586580950989, -23.33234877913501 ] ] ] ] } },
{ "type": "Feature", "properties": { "fid": 498, "value": 1, "CD_MUN": "3524402", "NM_MUN": "Jacareí", "CD_RGI": "350049", "NM_RGI": "São José dos Campos", "CD_RGINT": "3511", "NM_RGINT": "São José dos Campos", "CD_UF": "35", "NM_UF": "São Paulo", "SIGLA_UF": "SP", "CD_REGIA": "3", "NM_REGIA": "Sudeste", "SIGLA_RG": "SE", "CD_CONCU": "3549904", "NM_CONCU": "São José dos Campos/SP", "AREA_KM2": 464.272 }, "geometry": { "type": "MultiPolygon", "coordinates": [ [ [ [ -46.010436223972697, -23.331696313609481 ], [ -46.011414263045438, -23.331690001663603 ], [ -46.011407424696749, -23.330786836323458 ], [ -46.009451359429121, -23.330799453565849 ], [ -46.00944453464205, -23.329896287574758 ], [ -46.011400586690428, -23.329883670877336 ], [ -46.011386911704889, -23.328077339667164 ], [ -46.009430886093021, -23.32808995527467 ], [ -46.009437710196693, -23.328993121477694 ], [ -46.007481670000125, -23.329005713215746 ], [ -46.007488481226865, -23.329908879856713 ], [ -46.008466508105144, -23.329902586767673 ], [ -46.008473326282576, -23.330805753030855 ], [ -46.006517258965651, -23.330818333648434 ], [ -46.006524064264497, -23.33172150034904 ], [ -46.00554602348479, -23.331727781772905 ], [ -46.005552822514034, -23.332630948638858 ], [ -46.006530869904076, -23.332624666943691 ], [ -46.006537675884388, -23.333527833432367 ], [ -46.005559621883684, -23.333534115398841 ], [ -46.005573221644262, -23.335340448600903 ], [ -46.009485488490391, -23.335315281931663 ], [ -46.009478661994642, -23.334412116470464 ], [ -46.010456721241304, -23.33440580981188 ], [ -46.010463554348327, -23.335308975000707 ], [ -46.011441619864179, -23.33530266196431 ], [ -46.011421101736516, -23.332593166897766 ], [ -46.010443056053496, -23.332599479116265 ], [ -46.010436223972697, -23.331696313609481 ] ], [ [ -46.010449888476359, -23.333502644517068 ], [ -46.007515729544338, -23.333521545360941 ], [ -46.00750891695337, -23.332618379143842 ], [ -46.010443056053496, -23.332599479116265 ], [ -46.010449888476359, -23.333502644517068 ] ] ] ] } },
{ "type": "Feature", "properties": { "fid": 499, "value": 1, "CD_MUN": "3524402", "NM_MUN": "Jacareí", "CD_RGI": "350049", "NM_RGI": "São José dos Campos", "CD_RGINT": "3511", "NM_RGINT": "São José dos Campos", "CD_UF": "35", "NM_UF": "São Paulo", "SIGLA_UF": "SP", "CD_REGIA": "3", "NM_REGIA": "Sudeste", "SIGLA_RG": "SE", "CD_CONCU": "3549904", "NM_CONCU": "São José dos Campos/SP", "AREA_KM2": 464.272 }, "geometry": { "type": "MultiPolygon", "coordinates": [ [ [ [ -46.050563956179481, -23.335045134146881 ], [ -46.050571060695837, -23.335948287835354 ], [ -46.051549118511964, -23.335941724199948 ], [ -46.051542007384427, -23.335038570794921 ], [ -46.050563956179481, -23.335045134146881 ] ] ] ] } },
{ "type": "Feature", "properties": { "fid": 501, "value": 1, "CD_MUN": "3524402", "NM_MUN": "Jacareí", "CD_RGI": "350049", "NM_RGI": "São José dos Campos", "CD_RGINT": "3511", "NM_RGINT": "São José dos Campos", "CD_UF": "35", "NM_UF": "São Paulo", "SIGLA_UF": "SP", "CD_REGIA": "3", "NM_REGIA": "Sudeste", "SIGLA_RG": "SE", "CD_CONCU": "3549904", "NM_CONCU": "São José dos Campos/SP", "AREA_KM2": 464.272 }, "geometry": { "type": "MultiPolygon", "coordinates": [ [ [ [ -46.01241283870803, -23.334393178179191 ], [ -46.012426531709913, -23.33619950735978 ], [ -46.013404603152161, -23.336193181839363 ], [ -46.013411456779167, -23.337096345997487 ], [ -46.014389534490213, -23.337090014097956 ], [ -46.014375814355823, -23.335283686222564 ], [ -46.013397749868247, -23.335290017575232 ], [ -46.01339089692744, -23.3343868532051 ], [ -46.01241283870803, -23.334393178179191 ] ] ] ] } },
{ "type": "Feature", "properties": { "fid": 503, "value": 1, "CD_MUN": "3524402", "NM_MUN": "Jacareí", "CD_RGI": "350049", "NM_RGI": "São José dos Campos", "CD_RGINT": "3511", "NM_RGINT": "São José dos Campos", "CD_UF": "35", "NM_UF": "São Paulo", "SIGLA_UF": "SP", "CD_REGIA": "3", "NM_REGIA": "Sudeste", "SIGLA_RG": "SE", "CD_CONCU": "3549904", "NM_CONCU": "São José dos Campos/SP", "AREA_KM2": 464.272 }, "geometry": { "type": "MultiPolygon", "coordinates": [ [ [ [ -46.072088249903416, -23.335802477537893 ], [ -46.072102750911696, -23.337608772002664 ], [ -46.0730808140421, -23.337602073473462 ], [ -46.073066299810954, -23.335795779587194 ], [ -46.072088249903416, -23.335802477537893 ] ] ] ] } },
{ "type": "Feature", "properties": { "fid": 504, "value": 1, "CD_MUN": "3524402", "NM_MUN": "Jacareí", "CD_RGI": "350049", "NM_RGI": "São José dos Campos", "CD_RGINT": "3511", "NM_RGINT": "São José dos Campos", "CD_UF": "35", "NM_UF": "São Paulo", "SIGLA_UF": "SP", "CD_REGIA": "3", "NM_REGIA": "Sudeste", "SIGLA_RG": "SE", "CD_CONCU": "3549904", "NM_CONCU": "São José dos Campos/SP", "AREA_KM2": 464.272 }, "geometry": { "type": "MultiPolygon", "coordinates": [ [ [ [ -46.032965959505859, -23.336065389250063 ], [ -46.032972945368982, -23.336968547889434 ], [ -46.033951016148315, -23.336962093872888 ], [ -46.033958008973194, -23.337865252127468 ], [ -46.034936086014497, -23.337858791726191 ], [ -46.034929086577606, -23.336955633750581 ], [ -46.035907156656485, -23.336949167522523 ], [ -46.035900150958319, -23.336046009720057 ], [ -46.032965959505859, -23.336065389250063 ] ] ] ] } },
{ "type": "Feature", "properties": { "fid": 505, "value": 1, "CD_MUN": "3524402", "NM_MUN": "Jacareí", "CD_RGI": "350049", "NM_RGI": "São José dos Campos", "CD_RGINT": "3511", "NM_RGINT": "São José dos Campos", "CD_UF": "35", "NM_UF": "São Paulo", "SIGLA_UF": "SP", "CD_REGIA": "3", "NM_REGIA": "Sudeste", "SIGLA_RG": "SE", "CD_CONCU": "3549904", "NM_CONCU": "São José dos Campos/SP", "AREA_KM2": 464.272 }, "geometry": { "type": "MultiPolygon", "coordinates": [ [ [ [ -45.949268982903725, -23.257642396719113 ], [ -45.94916, -23.2576651 ], [ -45.9489453, -23.2576516 ], [ -45.9487843, -23.2577858 ], [ -45.9486635, -23.257759 ], [ -45.9484085, -23.2577993 ], [ -45.9481133, -23.2578932 ], [ -45.9480869, -23.257903299999988 ], [ -45.9479153, -23.2579693 ], [ -45.9477944, -23.2580159 ], [ -45.947774573806207, -23.258023500041812 ], [ -45.948294098526446, -23.258020363442874 ], [ -45.948300487832206, -23.258923554255308 ], [ -45.94927801342277, -23.258917647628255 ], [ -45.949268982903725, -23.257642396719113 ] ] ], [ [ [ -46.000655814486848, -23.331759097325598 ], [ -45.999677771669688, -23.331765342122758 ], [ -45.999671012641073, -23.330862173528569 ], [ -45.998692976095576, -23.330868411951798 ], [ -45.998679472272691, -23.329062073906702 ], [ -45.997701448608296, -23.329068305687322 ], [ -45.997694703813032, -23.328165136236702 ], [ -45.996716686420008, -23.328171361644696 ], [ -45.99669647388577, -23.325461851850594 ], [ -45.995718475980702, -23.325468070349189 ], [ -45.995711745751791, -23.324564899937364 ], [ -45.994733754117512, -23.324571112064916 ], [ -45.994727030833076, -23.32366794127881 ], [ -45.998638968917028, -23.32364305722929 ], [ -45.998625470502532, -23.321836717489525 ], [ -45.999603440965501, -23.321830481760678 ], [ -45.99958317606022, -23.31912097216502 ], [ -45.996649323112727, -23.319139658624422 ], [ -45.996642588637222, -23.318236487739973 ], [ -45.99957642176836, -23.318217802088004 ], [ -45.999556160922303, -23.315508291221619 ], [ -45.998578236697412, -23.315514525064614 ], [ -45.998571490362657, -23.314611354294652 ], [ -45.99954940798343, -23.314605120721058 ], [ -45.999542655382776, -23.313701950114616 ], [ -46.002189563998442, -23.313685047842871 ], [ -46.002123413345309, -23.313654268883358 ], [ -46.001995152082621, -23.313516600176804 ], [ -46.002185848889688, -23.313345417547911 ], [ -46.002230362125829, -23.313373460160019 ], [ -46.002318087563474, -23.313407521369751 ], [ -46.002395385243339, -23.313414371140116 ], [ -46.002464132057135, -23.313417078934588 ], [ -46.002577440927361, -23.3133785845463 ], [ -46.002654751879263, -23.313311468548047 ], [ -46.002732308110467, -23.313201335514528 ], [ -46.002785714860373, -23.313052013568793 ], [ -46.00283100483297, -23.312880711243508 ], [ -46.002897475736475, -23.3126557663821 ], [ -46.002926902019269, -23.31248981131386 ], [ -46.002946451300879, -23.312370082341559 ], [ -46.002936883958768, -23.312306144989222 ], [ -46.002899991813855, -23.312233989215958 ], [ -46.002846155484384, -23.312174531724871 ], [ -46.002777686137428, -23.31213300349755 ], [ -46.002682057280396, -23.312105288019065 ], [ -46.002591160902504, -23.312102721978498 ], [ -46.002544557138208, -23.312098823437008 ], [ -46.002519433398497, -23.312081148458208 ], [ -46.002490713152731, -23.312038316708712 ], [ -46.002489168212023, -23.31198377042405 ], [ -46.002509048208339, -23.311908103970516 ], [ -46.002517655637043, -23.311844050339548 ], [ -46.00251719940114, -23.311783202148632 ], [ -46.002473413538482, -23.311700598779623 ], [ -46.002416193495513, -23.311644310237217 ], [ -46.002346675159103, -23.311614329244044 ], [ -46.002242219021177, -23.311621292115202 ], [ -46.002052711454127, -23.311647683486292 ], [ -46.001804396070149, -23.311709072683808 ], [ -46.001644476866296, -23.311742618558412 ], [ -46.001419999438255, -23.311801756509709 ], [ -46.001273687337729, -23.311832067605572 ], [ -46.001438116484564, -23.311338962383928 ], [ -46.001529998945223, -23.311321588819148 ], [ -46.001660447076091, -23.31129662466115 ], [ -46.001833917974778, -23.311252500598062 ], [ -46.002002900175604, -23.311215749140189 ], [ -46.00211065364531, -23.311194077155662 ], [ -46.002188936533258, -23.311180986780791 ], [ -46.002560566813393, -23.311506996465884 ], [ -46.002759677656215, -23.311700866029316 ], [ -46.00298727334129, -23.31190609377818 ], [ -46.003379849972063, -23.31229806422246 ], [ -46.003401128081357, -23.312333074763551 ], [ -46.003404278855044, -23.31237449628658 ], [ -46.003393297652615, -23.312424926108747 ], [ -46.00334636875705, -23.312529093039505 ], [ -46.003017785810549, -23.313247770130161 ], [ -46.002917975712222, -23.313419945944357 ], [ -46.002858425072809, -23.313507406990944 ], [ -46.002801596127121, -23.31357911325146 ], [ -46.002703905373004, -23.313655277533432 ], [ -46.002624008066057, -23.313682269358136 ], [ -46.005410114370633, -23.313664422206276 ], [ -46.00540332248768, -23.312761253115809 ], [ -46.007359126225481, -23.312748695562412 ], [ -46.007365931315199, -23.313651864110156 ], [ -46.00932174689634, -23.313639281617473 ], [ -46.009328565534297, -23.314542449515514 ], [ -46.011284392956689, -23.314529842081495 ], [ -46.011277561111392, -23.313626674728294 ], [ -46.013233373957732, -23.313614043442687 ], [ -46.01322652924798, -23.312710876529454 ], [ -46.014204428553739, -23.312704552011351 ], [ -46.014197577583843, -23.311801385265532 ], [ -46.015175469943486, -23.311795054922218 ], [ -46.015161755828217, -23.309988721659995 ], [ -46.013205997175668, -23.310001375154219 ], [ -46.013199153837178, -23.309098207817311 ], [ -46.015154899285783, -23.309085554870002 ], [ -46.015148043086796, -23.308182387974092 ], [ -46.016125908694448, -23.308176052627651 ], [ -46.016132771495066, -23.30907921924971 ], [ -46.017110643360567, -23.30907287753168 ], [ -46.017103773958333, -23.308169711183726 ], [ -46.018081638878115, -23.308163363642336 ], [ -46.018074763218713, -23.307260197462831 ], [ -46.02198619304518, -23.307234747422832 ], [ -46.021979291326517, -23.306331582237522 ], [ -46.022957141318692, -23.306325204760274 ], [ -46.022950233345199, -23.305422039744709 ], [ -46.021972389953575, -23.305428416946278 ], [ -46.021958588244878, -23.303622086046012 ], [ -46.022936418436366, -23.303615709395796 ], [ -46.022943325717755, -23.304518874623223 ], [ -46.023921162163091, -23.304512491600967 ], [ -46.02390733474688, -23.302706161592067 ], [ -46.022929511500998, -23.302712544062448 ], [ -46.02292260491167, -23.301809378623172 ], [ -46.021944787919004, -23.301815754722046 ], [ -46.021937888274593, -23.300912588901184 ], [ -46.020960077535165, -23.300918958629065 ], [ -46.020953184835022, -23.300015792426901 ], [ -46.016064158957462, -23.300047548263176 ], [ -46.016057299594117, -23.299144380582081 ], [ -46.015079499984566, -23.29915071319023 ], [ -46.015065795484517, -23.297344376962769 ], [ -46.014088008727306, -23.297350702928977 ], [ -46.014081163589609, -23.296447534382892 ], [ -46.013103383086758, -23.29645385398149 ], [ -46.013110221627109, -23.297357022800846 ], [ -46.012132434184245, -23.297363336578368 ], [ -46.012139266469561, -23.298266505564879 ], [ -46.010183677361773, -23.298279115382094 ], [ -46.010176858271876, -23.297375945850348 ], [ -46.009199069803032, -23.297382241344785 ], [ -46.009192257652195, -23.296479071434963 ], [ -46.008214475439416, -23.296485360563061 ], [ -46.008207670226973, -23.295582190275429 ], [ -46.009185445842682, -23.29557590141928 ], [ -46.009178634374486, -23.294672731297762 ], [ -46.006245326295002, -23.294691578769548 ], [ -46.006238534957376, -23.293788407727131 ], [ -46.005260771512923, -23.293794677759351 ], [ -46.005281126756422, -23.296504191382585 ], [ -46.006258909991203, -23.296497920536883 ], [ -46.006265702349793, -23.29740109126179 ], [ -46.007243491841656, -23.297394814050513 ], [ -46.007250291138348, -23.298297984398147 ], [ -46.008228086887279, -23.298291700820776 ], [ -46.008234893122733, -23.29919487079086 ], [ -46.009212695128717, -23.299188580846874 ], [ -46.009219508303588, -23.300091750439123 ], [ -46.010197316566604, -23.300085454127998 ], [ -46.010204136681558, -23.300988623342153 ], [ -46.011181951201578, -23.300982320663369 ], [ -46.011188778257271, -23.301885489499153 ], [ -46.014122239560827, -23.301866544071245 ], [ -46.014129086756604, -23.302769711982048 ], [ -46.012173433031379, -23.302782348909318 ], [ -46.012180267370866, -23.303685517260561 ], [ -46.011202433394821, -23.303691826853079 ], [ -46.011209261476687, -23.304594995371211 ], [ -46.009253579298644, -23.304607596812367 ], [ -46.009260394521867, -23.305510765769384 ], [ -46.008282546320181, -23.305517057617227 ], [ -46.008289355284127, -23.306420226740361 ], [ -46.007311500140617, -23.306426512763171 ], [ -46.007318302844617, -23.307329682052153 ], [ -46.006340440759274, -23.3073359622494 ], [ -46.006333644656337, -23.306432792688948 ], [ -46.005355788831608, -23.306439066517687 ], [ -46.005348999669856, -23.305535896580153 ], [ -46.004371150105762, -23.305542164040904 ], [ -46.00439149880814, -23.308251674348707 ], [ -46.002435759054379, -23.308264192603108 ], [ -46.002428989016657, -23.307361022065272 ], [ -46.000473261109214, -23.307373515389216 ], [ -46.000486775117373, -23.309179857439112 ], [ -45.998531019449516, -23.30919232745163 ], [ -45.998537763757071, -23.310095498856796 ], [ -45.997559878814087, -23.310101724985319 ], [ -45.997566616857007, -23.31100489655374 ], [ -45.992677154073519, -23.311035937065224 ], [ -45.992670449043118, -23.310132764155199 ], [ -45.991692562080033, -23.310138953694565 ], [ -45.991685863987705, -23.309235780411175 ], [ -45.988752220893275, -23.30925431163892 ], [ -45.988745542942134, -23.308351137448707 ], [ -45.98581191664276, -23.308369612995978 ], [ -45.985785287396418, -23.304756911982608 ], [ -45.98774098578793, -23.304744603177348 ], [ -45.98772097775511, -23.302035077902772 ], [ -45.990654463436186, -23.302016571370256 ], [ -45.990647774962376, -23.301113396867258 ], [ -45.992603417209651, -23.301101029234342 ], [ -45.992596715873127, -23.300197855160267 ], [ -45.99357452989441, -23.300191662468194 ], [ -45.99356111503181, -23.298385314538137 ], [ -45.992583314207323, -23.298391506694706 ], [ -45.992576613878008, -23.297488332303224 ], [ -45.994532201995163, -23.297475942431053 ], [ -45.994512063438108, -23.294766420229085 ], [ -45.995489837200637, -23.294760216956032 ], [ -45.995483118424438, -23.293857042945383 ], [ -45.994505351258468, -23.293863245950181 ], [ -45.994491927908179, -23.292056897075 ], [ -45.993514173598008, -23.292063093450359 ], [ -45.993500764783803, -23.290256743616087 ], [ -45.991545281537519, -23.290269117017655 ], [ -45.991551972586116, -23.291172292522855 ], [ -45.992529720972342, -23.291166108600819 ], [ -45.992536418951843, -23.29206928373279 ], [ -45.988625397013948, -23.292093983933004 ], [ -45.988612054154125, -23.290287631426803 ], [ -45.987634311023925, -23.290293790711637 ], [ -45.987627646690463, -23.289390614033508 ], [ -45.985672172618415, -23.289402913793783 ], [ -45.985665521808244, -23.28849973647791 ], [ -45.986643252416428, -23.288493589909741 ], [ -45.986629938607642, -23.286687235492511 ], [ -45.987607655693871, -23.286681083364655 ], [ -45.987600992696244, -23.285777906263551 ], [ -45.982712436900634, -23.285808604660684 ], [ -45.982699177839017, -23.284002247485411 ], [ -45.981721478868153, -23.284008368361729 ], [ -45.981714856428468, -23.283105189350731 ], [ -45.980737163718409, -23.283111303871863 ], [ -45.980723933019242, -23.281304945003711 ], [ -45.984634649128878, -23.281280452496176 ], [ -45.984621367023536, -23.279474095324527 ], [ -45.985599032036475, -23.279467957504139 ], [ -45.98559238489208, -23.278564779025327 ], [ -45.986570042980787, -23.278558635381458 ], [ -45.986576696716213, -23.279461813594434 ], [ -45.987554361062422, -23.279455663595435 ], [ -45.987547700735973, -23.27855248564854 ], [ -45.988525358157311, -23.27854632982659 ], [ -45.988532025074754, -23.279449507507131 ], [ -45.990487352096522, -23.279437177062665 ], [ -45.990500713299966, -23.281243531039571 ], [ -45.989523036773384, -23.28124969984022 ], [ -45.989516362595879, -23.280346522637743 ], [ -45.988538692326401, -23.280352685081954 ], [ -45.988558696086592, -23.283062217172091 ], [ -45.986603314993346, -23.283074525389257 ], [ -45.986609970396529, -23.28397770307366 ], [ -45.988565364675111, -23.283965394324017 ], [ -45.988572033597869, -23.284868571370207 ], [ -45.989549736828941, -23.284862407592836 ], [ -45.989556412679271, -23.28576558426666 ], [ -45.990534122169052, -23.285759414131519 ], [ -45.990540804947599, -23.286662590432673 ], [ -45.994451665928608, -23.286637847910782 ], [ -45.994444956775631, -23.285734672679894 ], [ -45.993467248627539, -23.285740867179442 ], [ -45.993433740869158, -23.281224988098892 ], [ -45.997344439591096, -23.281200178921193 ], [ -45.997337712680689, -23.28029700386119 ], [ -45.999293046836726, -23.280284563272126 ], [ -45.999279567663166, -23.278478213911381 ], [ -45.998301913936018, -23.278484436712134 ], [ -45.998274986002897, -23.274871735644666 ], [ -45.992409214726926, -23.274908938141444 ], [ -45.992429291551623, -23.27761846893042 ], [ -45.991451642059644, -23.277624648841012 ], [ -45.991458328414879, -23.278527825826625 ], [ -45.990480671997091, -23.278533999915627 ], [ -45.990473992232502, -23.277630822662871 ], [ -45.988518691574043, -23.277643152040337 ], [ -45.988512025324951, -23.276739974148374 ], [ -45.987534381084643, -23.276746129437626 ], [ -45.987527721759733, -23.275842951173608 ], [ -45.985572445458004, -23.275855242954684 ], [ -45.985565799646324, -23.274952064053082 ], [ -45.986543431374223, -23.274945921472487 ], [ -45.986536779306313, -23.274042742730995 ], [ -45.987514404111366, -23.274036594328482 ], [ -45.987494430142327, -23.271327058268096 ], [ -45.989449639218556, -23.271314744798708 ], [ -45.989442968720368, -23.270411566433445 ], [ -45.990420566168986, -23.270405400835234 ], [ -45.990407213000836, -23.268599044321348 ], [ -45.989429628727265, -23.268605209385871 ], [ -45.989396284596417, -23.264089314917555 ], [ -45.988418732920309, -23.26409547256312 ], [ -45.988458707361275, -23.269514547207486 ], [ -45.987481115831848, -23.269520700366087 ], [ -45.98747445917725, -23.268617521256559 ], [ -45.986496873901459, -23.268623668062698 ], [ -45.986503523968672, -23.269526847438282 ], [ -45.985525931772074, -23.269532988424068 ], [ -45.985539219731017, -23.271339347389791 ], [ -45.984561614025516, -23.271345482820227 ], [ -45.98457489013979, -23.273151841894315 ], [ -45.982619651376488, -23.2731640955549 ], [ -45.982613026330434, -23.2722609155404 ], [ -45.983590639289574, -23.272254792018863 ], [ -45.983586628614006, -23.271708545561324 ], [ -45.983325600371543, -23.271618208961687 ], [ -45.982820584919793, -23.271680672471351 ], [ -45.982596402249207, -23.27174508276174 ], [ -45.982384987702829, -23.27190948221708 ], [ -45.982203246472729, -23.271743837316066 ], [ -45.982019260055075, -23.271819114064677 ], [ -45.981851238020795, -23.271883171911941 ], [ -45.981699452024571, -23.271973071952601 ], [ -45.981633503292983, -23.272006413187139 ], [ -45.981640002657819, -23.272893354910412 ], [ -45.98171071518842, -23.272962576707119 ], [ -45.981703099485159, -23.273018218452417 ], [ -45.981663337002011, -23.273066648722629 ], [ -45.981641450405313, -23.273090917126307 ], [ -45.981642031496456, -23.273170213253952 ], [ -45.981569527709262, -23.273170666721839 ], [ -45.981122135512685, -23.273666743016058 ], [ -45.981022687539877, -23.273782259173643 ], [ -45.980958773682644, -23.273819721415546 ], [ -45.98087846066214, -23.273809104562005 ], [ -45.980668037755514, -23.273671681136435 ], [ -45.980671023484618, -23.274079505303565 ], [ -45.981648650285557, -23.274073393427525 ], [ -45.981655269406488, -23.274976573495433 ], [ -45.982632902465021, -23.274970455266867 ], [ -45.982639528507526, -23.275873634964331 ], [ -45.980684248879129, -23.275885865862683 ], [ -45.980690862073644, -23.27678904598373 ], [ -45.979713215171913, -23.276795152564691 ], [ -45.979719822107526, -23.277698332844302 ], [ -45.978742168284178, -23.277704433600675 ], [ -45.978735567938998, -23.276801253057091 ], [ -45.977757920375218, -23.276807347460903 ], [ -45.97774473385735, -23.275000985529299 ], [ -45.978722368241222, -23.274994891652909 ], [ -45.978715768888605, -23.274091710792316 ], [ -45.977738141094186, -23.27409780440501 ], [ -45.977731548661517, -23.273194623175055 ], [ -45.976753927125728, -23.273200710436516 ], [ -45.976747341612366, -23.272297528837473 ], [ -45.973814494791831, -23.272315753307826 ], [ -45.973827626614792, -23.274122117977704 ], [ -45.972849997171167, -23.274128181151312 ], [ -45.972843437684283, -23.273224998606818 ], [ -45.9708881909892, -23.273237106166537 ], [ -45.970868554032705, -23.270527556327341 ], [ -45.969890949958362, -23.270533600191055 ], [ -45.969884411550389, -23.269630416438496 ], [ -45.968906813736119, -23.269636453954089 ], [ -45.968900282243524, -23.268733269834602 ], [ -45.967922690689342, -23.268739301002586 ], [ -45.967942266385883, -23.271448853827362 ], [ -45.968919877703769, -23.271442821876221 ], [ -45.968926410178831, -23.272346005678862 ], [ -45.969904027757771, -23.272339967379317 ], [ -45.969910567149228, -23.273243150815006 ], [ -45.968932942981404, -23.273249189375885 ], [ -45.968939476111501, -23.274152372967272 ], [ -45.967961845026927, -23.274158405701598 ], [ -45.967974899090272, -23.275964773089633 ], [ -45.966997254499056, -23.275970800257696 ], [ -45.967003775431323, -23.276873984054085 ], [ -45.967981426612766, -23.276867956625207 ], [ -45.96799448263944, -23.278674323379455 ], [ -45.97092747376329, -23.278656202992778 ], [ -45.970920925813743, -23.277753020452518 ], [ -45.972876238407324, -23.277740910272861 ], [ -45.97288279953856, -23.278644092289117 ], [ -45.971905136815209, -23.278650150685532 ], [ -45.97191169168417, -23.279553332858267 ], [ -45.969956352069744, -23.279565431907084 ], [ -45.969962894084262, -23.280468614497664 ], [ -45.966052184556865, -23.280492740565698 ], [ -45.966039153586749, -23.278686373191253 ], [ -45.962128491564982, -23.278710399744199 ], [ -45.962122002933484, -23.277807214858942 ], [ -45.958211362071317, -23.277831142948536 ], [ -45.958217824338981, -23.27873432886917 ], [ -45.956262488780993, -23.278746256896003 ], [ -45.956268938189972, -23.279649443227139 ], [ -45.955291263334558, -23.279655398364273 ], [ -45.955297706475157, -23.280558584847473 ], [ -45.953342342612416, -23.280570477367569 ], [ -45.953335912655177, -23.279667290369826 ], [ -45.954313588156182, -23.279661347411835 ], [ -45.954307151929889, -23.278758160565644 ], [ -45.955284820516923, -23.278752211775476 ], [ -45.955278378022236, -23.277849025081082 ], [ -45.956256039695312, -23.277843070459266 ], [ -45.956249590932899, -23.276939883916924 ], [ -45.960160208026593, -23.276916005572652 ], [ -45.960153733226171, -23.276012819957955 ], [ -45.959176086029096, -23.276018798418448 ], [ -45.959163150581588, -23.274212426354858 ], [ -45.955252611272826, -23.274236277247581 ], [ -45.955246170392755, -23.273333090025247 ], [ -45.956223799115776, -23.27332713669167 ], [ -45.956217351969585, -23.272423949621395 ], [ -45.955239729835583, -23.27242990269734 ], [ -45.955226849689872, -23.270623527724801 ], [ -45.954249240410057, -23.270629474198543 ], [ -45.954236374731558, -23.268823098288998 ], [ -45.953258778304971, -23.268829038161609 ], [ -45.953252352536893, -23.267925849791403 ], [ -45.951297171892307, -23.267937710763931 ], [ -45.951290759620541, -23.267034521774793 ], [ -45.95324592709099, -23.267022661315654 ], [ -45.953239501967253, -23.266119472734349 ], [ -45.954217078632659, -23.266113533633014 ], [ -45.954204216179178, -23.264307156667943 ], [ -45.955181779349651, -23.264301211995676 ], [ -45.955188217001215, -23.265204400273639 ], [ -45.957143355545533, -23.265192492158359 ], [ -45.957149806692648, -23.266095679815294 ], [ -45.958127382066131, -23.2660897163715 ], [ -45.958133840123409, -23.26699290366474 ], [ -45.957156258163245, -23.266998867366667 ], [ -45.957162709957323, -23.267902054812481 ], [ -45.963028236376459, -23.267866179760411 ], [ -45.963034728017988, -23.268769365547826 ], [ -45.964989914065306, -23.268757357988704 ], [ -45.9649834092492, -23.267854172721005 ], [ -45.966938580817398, -23.267842141337347 ], [ -45.966932063153564, -23.266938956484822 ], [ -45.9679096418607, -23.2669329319247 ], [ -45.967903117937063, -23.266029747227357 ], [ -45.968880689730497, -23.266023716842493 ], [ -45.968874159547717, -23.265120532300589 ], [ -45.96789659434053, -23.265126562424417 ], [ -45.967890071071096, -23.264223377515883 ], [ -45.968867629692362, -23.264217347653087 ], [ -45.968861100164439, -23.263314162899988 ], [ -45.969838651872692, -23.263308127213506 ], [ -45.969832116086927, -23.262404942616119 ], [ -45.970809660882203, -23.262398901106476 ], [ -45.970796577124354, -23.260592532118007 ], [ -45.968841513545065, -23.260604608007178 ], [ -45.968828457435734, -23.258798237550732 ], [ -45.96785093832306, -23.258804265847413 ], [ -45.967837896690071, -23.256997894446656 ], [ -45.966860390417281, -23.257003916138448 ], [ -45.96687341888336, -23.25881028806069 ], [ -45.964918379024191, -23.258822314237001 ], [ -45.964911877795075, -23.257919127807966 ], [ -45.963934363959908, -23.257925131511026 ], [ -45.963940858605376, -23.258828318200017 ], [ -45.962963337860856, -23.258834316079597 ], [ -45.962969826248042, -23.259737502922722 ], [ -45.961992298594133, -23.259743494978288 ], [ -45.961998780722382, -23.260646681975285 ], [ -45.958405135689247, -23.260668658818311 ], [ -45.958567646281352, -23.261084658831617 ], [ -45.95842420293107, -23.26109333394939 ], [ -45.958211948163196, -23.260923041765388 ], [ -45.957838699868276, -23.260667937633258 ], [ -45.95761040012151, -23.260614734098468 ], [ -45.957348113349035, -23.260530539688489 ], [ -45.957237432284316, -23.260398623975849 ], [ -45.957100815630717, -23.260181072398677 ], [ -45.956930045450228, -23.259909132731 ], [ -45.956734064195857, -23.259652945355761 ], [ -45.956563295458579, -23.259381005224125 ], [ -45.956170335338477, -23.258728245218563 ], [ -45.956118994978219, -23.258639390320727 ], [ -45.956127125856007, -23.259779319553335 ], [ -45.955149595933619, -23.259785269022711 ], [ -45.955143160218697, -23.258882080111519 ], [ -45.950255538692581, -23.25891173491765 ], [ -45.950261941487021, -23.259814925112824 ], [ -45.948306877458386, -23.259826744962233 ], [ -45.948300487832206, -23.258923554255308 ], [ -45.946345435690105, -23.258935349258692 ], [ -45.94635818892565, -23.260741731588432 ], [ -45.942448028132148, -23.260765250628619 ], [ -45.942454378890247, -23.261668442653495 ], [ -45.939550611283089, -23.26168584601562 ], [ -45.939401481255395, -23.26184143612436 ], [ -45.939080595489806, -23.261999188525699 ], [ -45.938825832699557, -23.262020191205746 ], [ -45.93870176634163, -23.262093536944789 ], [ -45.938547203793568, -23.262122727305492 ], [ -45.938563161820504, -23.26440144384533 ], [ -45.937585593212994, -23.264407285069822 ], [ -45.937579274428792, -23.263504092094486 ], [ -45.935624149435341, -23.263515755782823 ], [ -45.935621401496498, -23.263122136599179 ], [ -45.93524138305667, -23.263339601055161 ], [ -45.935357290992421, -23.263469951842328 ], [ -45.934748848209658, -23.263895032790995 ], [ -45.933190840996382, -23.260830584476764 ], [ -45.932708475032882, -23.260919335894918 ], [ -45.932387092855244, -23.261144369261999 ], [ -45.932053375277633, -23.261387183519265 ], [ -45.931040346956102, -23.262062567701161 ], [ -45.929889820369155, -23.262880426416473 ], [ -45.929697648899605, -23.263014376772595 ], [ -45.929562175740386, -23.262894762466857 ], [ -45.929468793078676, -23.262833336266734 ], [ -45.929364414886429, -23.262775516757198 ], [ -45.929272604864813, -23.262733560261921 ], [ -45.929181888216647, -23.262711076376828 ], [ -45.928995362466253, -23.262691815624017 ], [ -45.928863568907659, -23.262688168325226 ], [ -45.928618299455536, -23.262696702530274 ], [ -45.928202554983947, -23.262720410947079 ], [ -45.927964779953086, -23.262704108191745 ], [ -45.927773950379752, -23.262547632009628 ], [ -45.927621651353732, -23.262419703943589 ], [ -45.927502243316553, -23.262336294909669 ], [ -45.927263732244576, -23.262144240406517 ], [ -45.927055474435818, -23.26198385401646 ], [ -45.926944775597413, -23.261898143514745 ], [ -45.926862461076531, -23.261844111938853 ], [ -45.926828805385725, -23.261816944092065 ], [ -45.926800015577925, -23.261801129972284 ], [ -45.926709185761773, -23.261737873493175 ], [ -45.9266637708537, -23.26170705623413 ], [ -45.926551855544517, -23.261627580144992 ], [ -45.926474812396911, -23.261566756607397 ], [ -45.926289503352358, -23.261430106392929 ], [ -45.925831465181361, -23.261106906950143 ], [ -45.925836026982942, -23.261767316829392 ], [ -45.923880920782786, -23.261778833479866 ], [ -45.923887146739084, -23.262682030178478 ], [ -45.921932026119357, -23.262693522988283 ], [ -45.921944452625127, -23.264499917064331 ], [ -45.920966878675998, -23.26450565483875 ], [ -45.920973085809848, -23.26540885196701 ], [ -45.91999550496309, -23.265414583904175 ], [ -45.92000170582147, -23.266317781175132 ], [ -45.919148258174083, -23.266322780476699 ], [ -45.9191079, -23.2663808 ], [ -45.919025679052112, -23.266551108598826 ], [ -45.919030312659324, -23.267226704687918 ], [ -45.91847309533911, -23.267229965914797 ], [ -45.9183699, -23.2673469 ], [ -45.9181351, -23.2676153 ], [ -45.9179136, -23.267877 ], [ -45.9177996, -23.2680582 ], [ -45.917752062815573, -23.268137416767544 ], [ -45.918058906322706, -23.268135622504566 ], [ -45.918065094938449, -23.269038819954698 ], [ -45.917111713194892, -23.269044393081021 ], [ -45.9170682, -23.2691048 ], [ -45.9170682, -23.2691298 ], [ -45.9170682, -23.2692013 ], [ -45.9170682, -23.2693061 ], [ -45.9169206, -23.2694537 ], [ -45.916867, -23.2696014 ], [ -45.91682, -23.2698161 ], [ -45.916808905822712, -23.269949395733956 ], [ -45.917093669148926, -23.269947732216337 ], [ -45.917099851796877, -23.270850929702942 ], [ -45.91638298646744, -23.270855116620947 ], [ -45.9163772, -23.2708627 ], [ -45.9162363, -23.2711647 ], [ -45.9162363, -23.2712854 ], [ -45.9162027, -23.2714532 ], [ -45.916116859518944, -23.271759903806256 ], [ -45.916128406552119, -23.271759836408258 ], [ -45.916140760219513, -23.273566231348465 ], [ -45.915419059599657, -23.273570442462844 ], [ -45.915411, -23.2735835 ], [ -45.91539, -23.2736044 ], [ -45.9153639, -23.2736306 ], [ -45.9153176, -23.2736769 ], [ -45.9153012, -23.2736932 ], [ -45.9152713, -23.2737232 ], [ -45.9151865, -23.273808 ], [ -45.915164875129669, -23.273829050815571 ], [ -45.915169289237141, -23.27447513263753 ], [ -45.916146937517723, -23.274469428660396 ], [ -45.916153115125624, -23.275372625866879 ], [ -45.91713076968658, -23.275366915554329 ], [ -45.917136954194575, -23.276270112408252 ], [ -45.916159293043236, -23.276275822967911 ], [ -45.916165471270546, -23.277179019963494 ], [ -45.917143139012609, -23.277173309156719 ], [ -45.917149324140702, -23.278076505799721 ], [ -45.916171649807588, -23.278082216853612 ], [ -45.916177828654355, -23.278985413638267 ], [ -45.914222465876477, -23.278996817971404 ], [ -45.914228631849525, -23.279900015144054 ], [ -45.916184007810855, -23.279888610317457 ], [ -45.91619018727711, -23.280791806891187 ], [ -45.91716788138536, -23.28078609509593 ], [ -45.917174067753734, -23.281689291317054 ], [ -45.920107167993706, -23.281672118647499 ], [ -45.920113374450231, -23.282575314020168 ], [ -45.923046491668394, -23.28255808579182 ], [ -45.923052718214976, -23.283461280313642 ], [ -45.925008141319793, -23.283449763876725 ], [ -45.92501438136506, -23.284352957794816 ], [ -45.926969816405389, -23.284341416495131 ], [ -45.926963563173565, -23.283438223076327 ], [ -45.927941273630495, -23.283432443539841 ], [ -45.92793501411915, -23.282529250265547 ], [ -45.926957310255162, -23.282535029552001 ], [ -45.926951057650165, -23.281631835922163 ], [ -45.924017963956906, -23.281649136489431 ], [ -45.924011731442178, -23.280745942005584 ], [ -45.924989423060481, -23.280740181489406 ], [ -45.924976945784614, -23.27893379270369 ], [ -45.926932301715546, -23.278922254399607 ], [ -45.926926050364095, -23.278019060347752 ], [ -45.927903721268386, -23.278013282311413 ], [ -45.927891206323999, -23.276206894391233 ], [ -45.93082417760882, -23.276189525249904 ], [ -45.930767697983264, -23.268060781151561 ], [ -45.93174529514895, -23.268054981519771 ], [ -45.931757857150096, -23.269861369333523 ], [ -45.932735467176407, -23.269855563112795 ], [ -45.932741755237622, -23.270758756610139 ], [ -45.933719371536917, -23.270752944050994 ], [ -45.933725666501992, -23.271656137191268 ], [ -45.932748043614112, -23.271661950001985 ], [ -45.932760621312937, -23.273468336469204 ], [ -45.931782984931615, -23.273474143695168 ], [ -45.931814401745342, -23.2779901092735 ], [ -45.93279207107787, -23.277984300790919 ], [ -45.93279836197685, -23.278887493338715 ], [ -45.931820686053094, -23.278893302072635 ], [ -45.931826970675871, -23.279796494766259 ], [ -45.929871604700459, -23.279808094467473 ], [ -45.929877876454455, -23.280711287557473 ], [ -45.928900186403098, -23.280717078523974 ], [ -45.928925250192002, -23.284329850830975 ], [ -45.931858398515431, -23.284312456651495 ], [ -45.931870971856746, -23.286118840666866 ], [ -45.930893242876145, -23.286124645319976 ], [ -45.930899523425232, -23.287027837420446 ], [ -45.929921787535633, -23.287033636232774 ], [ -45.929934336388719, -23.288840020618771 ], [ -45.928956586995206, -23.288845813840375 ], [ -45.928962855298224, -23.289749006125643 ], [ -45.926029585448475, -23.289766349986063 ], [ -45.926060832732382, -23.294282313580155 ], [ -45.925083042507779, -23.294288083929253 ], [ -45.925095530418865, -23.296094469127151 ], [ -45.926073333838289, -23.296088698278947 ], [ -45.926079584861064, -23.296991890470011 ], [ -45.923146153870704, -23.297009185478807 ], [ -45.923158617265479, -23.298815571040031 ], [ -45.925114264632178, -23.298804046132332 ], [ -45.925126755672302, -23.300610430274642 ], [ -45.92610459208457, -23.300604658178624 ], [ -45.926123350791464, -23.30331423285158 ], [ -45.927101206690111, -23.30330845391018 ], [ -45.927113727262579, -23.305114835997877 ], [ -45.928091596048986, -23.305109050459606 ], [ -45.928094131866118, -23.305474493211932 ], [ -45.928531621123533, -23.30544127470457 ], [ -45.928554345642894, -23.305739962137441 ], [ -45.928636945873464, -23.305739472901717 ], [ -45.928774921964838, -23.305783160985694 ], [ -45.928864758800849, -23.305833492076829 ], [ -45.928887219229431, -23.30609403350341 ], [ -45.929520445037397, -23.306083922534576 ], [ -45.929505176025671, -23.3058678439922 ], [ -45.929608028682203, -23.305810012945351 ], [ -45.929809723295534, -23.306107638818943 ], [ -45.929892456333327, -23.30612622186775 ], [ -45.930504120055822, -23.306974552949541 ], [ -45.93049767898215, -23.307038170297201 ], [ -45.930374131322992, -23.307089766838708 ], [ -45.929754888783826, -23.307131588013299 ], [ -45.928881179807078, -23.307206704248376 ], [ -45.928103970090504, -23.307300318125638 ], [ -45.92765650275971, -23.307296608623972 ], [ -45.927330115889163, -23.306885275078344 ], [ -45.927301656519838, -23.306751927181381 ], [ -45.927326677457984, -23.306389377967864 ], [ -45.927477406577708, -23.306286759680905 ], [ -45.927655713069782, -23.306190335996131 ], [ -45.927771716130074, -23.306043417495104 ], [ -45.927786355320237, -23.30601408485466 ], [ -45.926142112318018, -23.306023806574277 ], [ -45.926135858162525, -23.30512061543897 ], [ -45.924180119022793, -23.305132156029579 ], [ -45.924198842819969, -23.3078417306155 ], [ -45.927132510473648, -23.307824408337467 ], [ -45.92713877217134, -23.308727598906131 ], [ -45.930072456808489, -23.308710220995209 ], [ -45.930066175304269, -23.30780703117771 ], [ -45.932999837302901, -23.307789599136438 ], [ -45.933006138613571, -23.308692788200403 ], [ -45.933984031917703, -23.308686965072411 ], [ -45.933977724004912, -23.307783776260159 ], [ -45.935933496460628, -23.307772112213861 ], [ -45.93595878282872, -23.311384864812236 ], [ -45.937914606838575, -23.311373174353275 ], [ -45.93792094242913, -23.312276361733474 ], [ -45.939876778376401, -23.312264646372423 ], [ -45.939889476925181, -23.314071019803173 ], [ -45.938911545902606, -23.314076881039909 ], [ -45.938905203073261, -23.31317369412406 ], [ -45.936949353283467, -23.313185397792537 ], [ -45.936962012842919, -23.314991772530231 ], [ -45.935006135367956, -23.315003452810366 ], [ -45.935025087454591, -23.317713015638816 ], [ -45.934047128427061, -23.317718847384871 ], [ -45.934066063543227, -23.320428410018373 ], [ -45.932110104903607, -23.320440056717711 ], [ -45.932103806094979, -23.319536868775636 ], [ -45.931125832908265, -23.319542682721654 ], [ -45.931094376623946, -23.315026740170389 ], [ -45.93011643614944, -23.3150325467603 ], [ -45.930110152442303, -23.314129357682173 ], [ -45.929132218257536, -23.314135157921353 ], [ -45.929144772777256, -23.315941536473325 ], [ -45.928166825068779, -23.315947331113527 ], [ -45.928154283758367, -23.314140952060733 ], [ -45.923264606558114, -23.314169831260358 ], [ -45.923270844033674, -23.315073022087677 ], [ -45.922292901050504, -23.31507877987692 ], [ -45.922305363728832, -23.316885161712381 ], [ -45.921327407223458, -23.31689091389865 ], [ -45.921333632425231, -23.317794104906532 ], [ -45.920355669002518, -23.317799851240466 ], [ -45.920368107129349, -23.319606233436005 ], [ -45.919390130183039, -23.319611974165117 ], [ -45.919408769888733, -23.322321547410453 ], [ -45.917452775421566, -23.322333012050297 ], [ -45.917471378280453, -23.325042585831053 ], [ -45.922361461231972, -23.325013874743515 ], [ -45.922355226927401, -23.324110684829261 ], [ -45.924311244708576, -23.324099158171062 ], [ -45.924317492229505, -23.325002347587315 ], [ -45.923339476887001, -23.325008114216917 ], [ -45.92337692892697, -23.330427249990478 ], [ -45.9253330386111, -23.330415707636998 ], [ -45.925339294932733, -23.331318896064197 ], [ -45.926317355915565, -23.33131311548091 ], [ -45.926323619161259, -23.332216303552752 ], [ -45.929257820059277, -23.332198924423292 ], [ -45.929251536981219, -23.331295737102081 ], [ -45.928273476940142, -23.331301535999845 ], [ -45.928267200787111, -23.330398348322468 ], [ -45.927289147042238, -23.330404140865209 ], [ -45.927282877813575, -23.32950095283195 ], [ -45.926304830364927, -23.329506739020179 ], [ -45.926298568059963, -23.328603550631307 ], [ -45.927276608898808, -23.328597764693011 ], [ -45.92727034029793, -23.327694576448391 ], [ -45.928248374213418, -23.327688784656253 ], [ -45.928242099317295, -23.326785596556157 ], [ -45.927264072010942, -23.326791388098101 ], [ -45.927257804037808, -23.325888199642147 ], [ -45.926279783026402, -23.325893984830653 ], [ -45.926273521975617, -23.324990796019108 ], [ -45.927251536378549, -23.324985011080528 ], [ -45.927245269033136, -23.324081822413234 ], [ -45.928223276514082, -23.324076031621853 ], [ -45.928210729549484, -23.322269654470674 ], [ -45.929188723500992, -23.322263858077473 ], [ -45.929182443882787, -23.32136066959383 ], [ -45.930160430912679, -23.321354867349157 ], [ -45.930166717138, -23.322258055582104 ], [ -45.931144710460202, -23.322252246984561 ], [ -45.93113841762775, -23.321349059002586 ], [ -45.934072375880845, -23.321331597351541 ], [ -45.934078688534591, -23.322234784579042 ], [ -45.936034672337378, -23.322223112464687 ], [ -45.936040998522081, -23.323126299082201 ], [ -45.937018996555828, -23.323120453619293 ], [ -45.937025329665069, -23.324023639878565 ], [ -45.938003333989386, -23.32401778806047 ], [ -45.937996994272439, -23.323114602054016 ], [ -45.941908981960829, -23.323091134769342 ], [ -45.941902616131912, -23.322187949671093 ], [ -45.943858594849999, -23.322176179923265 ], [ -45.943852216125869, -23.321272995227826 ], [ -45.944830198398911, -23.321267101455483 ], [ -45.944823813387565, -23.320363916908999 ], [ -45.946779763760745, -23.320352111569079 ], [ -45.946760571009335, -23.317642558825632 ], [ -45.94871648046508, -23.317630730613121 ], [ -45.948722890939734, -23.318533914455511 ], [ -45.949700851791796, -23.31852799094225 ], [ -45.949726523326916, -23.322140724230781 ], [ -45.950704510283316, -23.322134793591637 ], [ -45.950698085310492, -23.321231610684325 ], [ -45.951676065338205, -23.321225674199688 ], [ -45.951643912270526, -23.316709759359732 ], [ -45.950665965272435, -23.316715694561911 ], [ -45.950646697110152, -23.314006143619871 ], [ -45.954558403913907, -23.313982369291221 ], [ -45.954564852730009, -23.314885552016801 ], [ -45.953586919908503, -23.31489150500563 ], [ -45.953606248480185, -23.317601053319837 ], [ -45.955562153429597, -23.317589139697898 ], [ -45.955575067180483, -23.319395503682419 ], [ -45.957530997259248, -23.319383564626168 ], [ -45.957537467832175, -23.320286745943935 ], [ -45.958515438991832, -23.320280767005741 ], [ -45.958508961812711, -23.319377585946317 ], [ -45.959486926041805, -23.319371601165326 ], [ -45.959480442581224, -23.31846842025875 ], [ -45.960458399879755, -23.318462429635488 ], [ -45.960464889946181, -23.319365610283203 ], [ -45.962420816779485, -23.319353610215593 ], [ -45.962407810549031, -23.317547249851444 ], [ -45.961429860506378, -23.317553252417031 ], [ -45.961423364484837, -23.316650071816934 ], [ -45.960445420722003, -23.316656068022812 ], [ -45.960432442864288, -23.31484970598714 ], [ -45.962388303645966, -23.314837708512052 ], [ -45.962375300672207, -23.31303134709038 ], [ -45.964331133735321, -23.313019326255208 ], [ -45.964324619529926, -23.312116145905282 ], [ -45.967258346866139, -23.312098069689469 ], [ -45.967264880881928, -23.313001249258125 ], [ -45.968242795943326, -23.312995211393982 ], [ -45.968249336890182, -23.313898390595934 ], [ -45.969227258227725, -23.313892346371357 ], [ -45.969220710677106, -23.312989167430622 ], [ -45.970198625082929, -23.312983117368056 ], [ -45.970192071256832, -23.312079938583036 ], [ -45.97116997873097, -23.312073882683013 ], [ -45.971163418630056, -23.311170704053961 ], [ -45.972141319172508, -23.311164642317017 ], [ -45.972154452909415, -23.31297099894535 ], [ -45.971176539160474, -23.312977061206297 ], [ -45.971189661005347, -23.314783417935551 ], [ -45.970211733719978, -23.314789474620795 ], [ -45.970244511058034, -23.319305365901531 ], [ -45.973178391003813, -23.319287173616349 ], [ -45.973171815062372, -23.318383996357852 ], [ -45.975127720168665, -23.318371838188003 ], [ -45.975140898804334, -23.320178191548447 ], [ -45.974162933204298, -23.320184274209385 ], [ -45.974169516410797, -23.321087450993712 ], [ -45.976125460493535, -23.321075279044663 ], [ -45.976112267985499, -23.319268926422019 ], [ -45.977984312761819, -23.319257254567944 ], [ -45.97806777757274, -23.319201146414677 ], [ -45.978061575352321, -23.318353555177733 ], [ -45.979039526418674, -23.318347448639539 ], [ -45.979046141994168, -23.319250624318759 ], [ -45.978796616721517, -23.319252183045325 ], [ -45.978073372317468, -23.319965686183316 ], [ -45.978081403254855, -23.321063082689541 ], [ -45.980037344692107, -23.321050861928409 ], [ -45.980043967868248, -23.321954037026007 ], [ -45.981999921192021, -23.321941791329852 ], [ -45.981993284802641, -23.321038616761335 ], [ -45.982971254359569, -23.321032485025601 ], [ -45.98297207632347, -23.321144240775702 ], [ -45.983168110104451, -23.321274612908201 ], [ -45.983516866559114, -23.320919150042432 ], [ -45.983794138657409, -23.32107678136218 ], [ -45.983999739932329, -23.320875390211228 ], [ -45.984096873031632, -23.320786240320583 ], [ -45.984202314607217, -23.320653653632228 ], [ -45.984605242755947, -23.320807839890179 ], [ -45.985005867919945, -23.32093370310665 ], [ -45.985203981882606, -23.321017455940989 ], [ -45.985442804473628, -23.321161159635814 ], [ -45.985681634099798, -23.321305748304233 ], [ -45.986730355084759, -23.321618951433695 ], [ -45.986887973484265, -23.321663906847899 ], [ -45.986876460168951, -23.320104723721052 ], [ -45.987854421452994, -23.320098561744338 ], [ -45.987861097147523, -23.321001734825138 ], [ -45.990794998811047, -23.320983211487778 ], [ -45.990798699545834, -23.321482392171244 ], [ -45.990819536379256, -23.321471167878133 ], [ -45.991737544102897, -23.322586721723194 ], [ -45.991484206757391, -23.322748519417406 ], [ -45.990797461655617, -23.321886410428199 ], [ -45.98982372116668, -23.321892564476602 ], [ -45.989850481484474, -23.325505253184428 ], [ -45.990828481406695, -23.325499071301973 ], [ -45.990835178931889, -23.326402242947168 ], [ -45.992791190986232, -23.326389860339209 ], [ -45.992797902063792, -23.327293031343594 ], [ -45.994753925990928, -23.327280623787821 ], [ -45.994767375590079, -23.329086964406905 ], [ -45.995745400266649, -23.329080750937432 ], [ -45.995772329945595, -23.332693429831018 ], [ -45.994794278829232, -23.332699644374092 ], [ -45.994799846855074, -23.333447251704772 ], [ -45.994942090096501, -23.333171078138662 ], [ -45.995357862486991, -23.33273813431596 ], [ -45.995631764891989, -23.333081697875127 ], [ -45.997570474405769, -23.335674744882517 ], [ -45.998526579903178, -23.336997007896496 ], [ -45.998296267973117, -23.337193422427053 ], [ -45.998740250125557, -23.33719059177254 ], [ -45.998747004910911, -23.338093759894569 ], [ -45.997768915137414, -23.338099994367209 ], [ -45.997775663648198, -23.339003162652499 ], [ -45.999731856082484, -23.338990687062172 ], [ -45.999725094346253, -23.338087519315597 ], [ -46.001681272201139, -23.338075019838669 ], [ -46.00168804716278, -23.338978187045495 ], [ -46.002666142194357, -23.338971927877285 ], [ -46.002639017933873, -23.335359259495288 ], [ -46.003617086177229, -23.335352995302657 ], [ -46.003623873344836, -23.336256162286585 ], [ -46.004601947860081, -23.33624989171766 ], [ -46.004581567542559, -23.333540391260367 ], [ -46.005559621883684, -23.333534115398841 ], [ -46.005552822514034, -23.332630948638858 ], [ -46.004574774783578, -23.332637224229334 ], [ -46.004561190285855, -23.330830889849384 ], [ -46.002605120245804, -23.330843421633642 ], [ -46.002611899104579, -23.331746589417875 ], [ -46.001633856965249, -23.331752846423967 ], [ -46.001640629553066, -23.33265601437251 ], [ -46.000662580464272, -23.332662265544133 ], [ -46.000655814486848, -23.331759097325598 ] ], [ [ -45.922922026262682, -23.264494173204554 ], [ -45.922928246569285, -23.265397369835771 ], [ -45.92195066634536, -23.265403113944203 ], [ -45.921944452625127, -23.264499917064331 ], [ -45.922922026262682, -23.264494173204554 ] ], [ [ -45.933776037585254, -23.278881678515301 ], [ -45.933782335391143, -23.279784870705985 ], [ -45.932804653191191, -23.279790685781002 ], [ -45.93279836197685, -23.278887493338715 ], [ -45.933776037585254, -23.278881678515301 ] ], [ [ -45.928086681267345, -23.304400748222704 ], [ -45.928075462201086, -23.304360433957335 ], [ -45.928040215704755, -23.304329691495397 ], [ -45.928005132467369, -23.304304535189416 ], [ -45.927969089259932, -23.304267104413789 ], [ -45.927929801055058, -23.304227062406071 ], [ -45.927848162115872, -23.304167654305243 ], [ -45.92776705752037, -23.304104586377498 ], [ -45.927746955876337, -23.304082690475518 ], [ -45.92773052245478, -23.304054664467369 ], [ -45.927718637065453, -23.304033526575179 ], [ -45.927710643028135, -23.304001097056414 ], [ -45.927709363412703, -23.303975160085383 ], [ -45.927714081441657, -23.303952655002195 ], [ -45.927719855661138, -23.303931399830692 ], [ -45.927730468487582, -23.303916128137246 ], [ -45.927761824267762, -23.303879070550643 ], [ -45.927799199245392, -23.303844503424948 ], [ -45.927850122385493, -23.303807358162576 ], [ -45.927875519619825, -23.303791615977058 ], [ -45.927873378315148, -23.30375970820397 ], [ -45.927847655647021, -23.303713943320378 ], [ -45.927768972929016, -23.303238353965519 ], [ -45.928066474702504, -23.303641827531891 ], [ -45.928444952306812, -23.304162717654435 ], [ -45.928476128758724, -23.304203545939504 ], [ -45.929063190876661, -23.304200068333596 ], [ -45.929068739845832, -23.304998932615398 ], [ -45.929330982685379, -23.305351816481178 ], [ -45.929007429607111, -23.305511616719397 ], [ -45.928828277063594, -23.305564034253315 ], [ -45.928740390853214, -23.305517934139058 ], [ -45.928620267557193, -23.305402704229081 ], [ -45.928565042471476, -23.305311456041125 ], [ -45.928468239503147, -23.305159598943799 ], [ -45.928438546151902, -23.305106996271409 ], [ -45.928091596048986, -23.305109050459606 ], [ -45.928086681267345, -23.304400748222704 ] ], [ [ -45.92038676665571, -23.322315805937151 ], [ -45.920392987120835, -23.323218996559611 ], [ -45.9194149837463, -23.323224738280985 ], [ -45.919408769888733, -23.322321547410453 ], [ -45.92038676665571, -23.322315805937151 ] ], [ [ -45.925320526907562, -23.328609330465568 ], [ -45.925314271525643, -23.327706141721347 ], [ -45.926292306068561, -23.32770036213676 ], [ -45.926298568059963, -23.328603550631307 ], [ -45.925320526907562, -23.328609330465568 ] ], [ [ -45.955555697039209, -23.31668595754703 ], [ -45.957511587484717, -23.316674020038413 ], [ -45.95751805708553, -23.317577201673398 ], [ -45.955562153429597, -23.317589139697898 ], [ -45.955555697039209, -23.31668595754703 ] ], [ [ -45.972128186751299, -23.309358285265599 ], [ -45.973106073759688, -23.309352217954519 ], [ -45.973099501440373, -23.30844903953242 ], [ -45.975055261265005, -23.308436887141209 ], [ -45.975048676071459, -23.307533709138632 ], [ -45.976026548887397, -23.307527624059308 ], [ -45.976019957422345, -23.306624446214002 ], [ -45.976997823306704, -23.306618355300419 ], [ -45.976991225570806, -23.305715177612633 ], [ -45.977969084523608, -23.305709080865316 ], [ -45.977982293528335, -23.307515435607964 ], [ -45.977004421373138, -23.307521532882415 ], [ -45.977011019770103, -23.308424710358643 ], [ -45.976033140682659, -23.308430801798838 ], [ -45.976046325263844, -23.310237156960579 ], [ -45.975068432641777, -23.310243242829038 ], [ -45.975061846788442, -23.309340065038011 ], [ -45.974083960438847, -23.309346144545316 ], [ -45.974097119270319, -23.311152500547177 ], [ -45.972141319172508, -23.311164642317017 ], [ -45.972128186751299, -23.309358285265599 ] ], [ [ -45.97512113134583, -23.317468661349075 ], [ -45.976099076798803, -23.317462573376115 ], [ -45.976105672226986, -23.318365749951973 ], [ -45.975127720168665, -23.318371838188003 ], [ -45.97512113134583, -23.317468661349075 ] ], [ [ -46.002618678302767, -23.332649757096167 ], [ -46.002625457840367, -23.333552924668503 ], [ -46.003603512861346, -23.333546661016914 ], [ -46.003610299349397, -23.334449828212769 ], [ -46.001654175745962, -23.334462349951732 ], [ -46.001640629553066, -23.33265601437251 ], [ -46.002618678302767, -23.332649757096167 ] ], [ [ -45.972895922787735, -23.280450456004647 ], [ -45.974851273612664, -23.280438319894209 ], [ -45.974838123998232, -23.278631957228811 ], [ -45.975815785733893, -23.278625880564942 ], [ -45.975809204830206, -23.277722699336682 ], [ -45.976786859645181, -23.27771661684687 ], [ -45.976793447139663, -23.278619797811949 ], [ -45.979726429374338, -23.278601513018234 ], [ -45.979739644901599, -23.280407873049043 ], [ -45.978761971304955, -23.280413974597359 ], [ -45.978768572973671, -23.281317154718224 ], [ -45.977790892454351, -23.281323250440639 ], [ -45.977797487861885, -23.28222643071954 ], [ -45.974864424545423, -23.282244682136909 ], [ -45.974871000506198, -23.283147863099753 ], [ -45.973893305481944, -23.283153934987844 ], [ -45.973899875179526, -23.284057116107686 ], [ -45.977810679668714, -23.284032790960282 ], [ -45.977817276068045, -23.28493597092212 ], [ -45.976839568847737, -23.284942061608508 ], [ -45.976846158984252, -23.285845241728129 ], [ -45.978801586281101, -23.285833053737154 ], [ -45.978821398236995, -23.288542591880091 ], [ -45.979799131171355, -23.288536487955728 ], [ -45.979825578127361, -23.292149202943534 ], [ -45.978847818812092, -23.292155307923998 ], [ -45.978867273381319, -23.29481503718803 ], [ -45.978877550976506, -23.294816017463198 ], [ -45.978925915929025, -23.294810403169972 ], [ -45.978970929396077, -23.294805252483592 ], [ -45.97907828041545, -23.294804582355301 ], [ -45.979247907441689, -23.294799981713801 ], [ -45.979349688931357, -23.294824137454277 ], [ -45.979525941820761, -23.29493902451394 ], [ -45.979575375816523, -23.295013974995889 ], [ -45.979489390150199, -23.295052584355108 ], [ -45.979406241031725, -23.295085863537579 ], [ -45.979296351245765, -23.295132590695566 ], [ -45.979100339448699, -23.295199334321076 ], [ -45.978994052489526, -23.295221492931635 ], [ -45.978823661598987, -23.295257732462797 ], [ -45.978668108478132, -23.295291631947098 ], [ -45.978611681443049, -23.29530370506162 ], [ -45.978404758796849, -23.295348153208398 ], [ -45.978322250976291, -23.295365369991217 ], [ -45.978260082541645, -23.295382543766163 ], [ -45.978245855109108, -23.295140917495143 ], [ -45.978212486878348, -23.294868931546336 ], [ -45.977889858283703, -23.294870943525542 ], [ -45.977903059349273, -23.296677300806309 ], [ -45.975947473097513, -23.29668948293574 ], [ -45.975954060930952, -23.2975926619443 ], [ -45.974976260712033, -23.297598744130418 ], [ -45.974963098570399, -23.295792385481558 ], [ -45.975940885594156, -23.295786303821444 ], [ -45.975914538881419, -23.292173586306998 ], [ -45.97200349435488, -23.292197872181095 ], [ -45.972016614280946, -23.294004233250465 ], [ -45.971038839134096, -23.294010290010082 ], [ -45.971045392993439, -23.294913470648137 ], [ -45.970067610921383, -23.294919521575761 ], [ -45.970087254677537, -23.297629063640702 ], [ -45.971065056541981, -23.297623011928046 ], [ -45.97107161171504, -23.298526192143253 ], [ -45.970093803252468, -23.298532244117595 ], [ -45.970100352155519, -23.299435424488767 ], [ -45.968144721049391, -23.29944751067509 ], [ -45.968131649964626, -23.29764114878186 ], [ -45.969109452484972, -23.297635109258646 ], [ -45.969089828521241, -23.294925566409461 ], [ -45.968112045793347, -23.294931605149227 ], [ -45.968098977982962, -23.293125242198972 ], [ -45.967121208120979, -23.293131274323034 ], [ -45.967108154812216, -23.291324910428276 ], [ -45.969063667824777, -23.29131284113074 ], [ -45.969050589442872, -23.28950647785723 ], [ -45.970028332267091, -23.289500434591922 ], [ -45.970008697368421, -23.286790889673199 ], [ -45.971964142465545, -23.286778786436233 ], [ -45.97193135826258, -23.282262878742525 ], [ -45.97290904735258, -23.28225681929753 ], [ -45.972895922787735, -23.280450456004647 ] ], [ [ -45.970953668843975, -23.282268932097299 ], [ -45.970966768353946, -23.28407529601559 ], [ -45.969989065421714, -23.284081343803393 ], [ -45.969982522095435, -23.283178161635451 ], [ -45.967049431110851, -23.283196267670942 ], [ -45.967036384996298, -23.28138990145149 ], [ -45.971924802407848, -23.281359696886774 ], [ -45.97193135826258, -23.282262878742525 ], [ -45.970953668843975, -23.282268932097299 ] ], [ [ -45.936709062515042, -23.278864197508216 ], [ -45.936715380095535, -23.279767388942513 ], [ -45.935737698843653, -23.279773222286735 ], [ -45.93573138785468, -23.27887003060005 ], [ -45.936709062515042, -23.278864197508216 ] ], [ [ -45.935744010148973, -23.280676413867894 ], [ -45.934766321988867, -23.280682241374524 ], [ -45.934760017275408, -23.279779049541233 ], [ -45.935737698843653, -23.279773222286735 ], [ -45.935744010148973, -23.280676413867894 ] ], [ [ -45.93673433473716, -23.282476962612179 ], [ -45.936746972748452, -23.284283344530891 ], [ -45.937724686646185, -23.284277503833618 ], [ -45.937737339111742, -23.286083884824777 ], [ -45.932848700522257, -23.286113029922152 ], [ -45.932836113993517, -23.284306646409501 ], [ -45.934791544003126, -23.284295007652307 ], [ -45.934772627018361, -23.281585433102276 ], [ -45.935750321770655, -23.281579605343516 ], [ -45.935756633708721, -23.282482796713595 ], [ -45.93673433473716, -23.282476962612179 ] ], [ [ -45.978788379965316, -23.284026694446673 ], [ -45.978781777303844, -23.283123514642885 ], [ -45.979759470676754, -23.283117412302577 ], [ -45.979766079930975, -23.284020591842371 ], [ -45.978788379965316, -23.284026694446673 ] ], [ [ -45.941648244277836, -23.286060459098785 ], [ -45.941680012886721, -23.290576404662335 ], [ -45.940702254098078, -23.290582271499854 ], [ -45.940708602179399, -23.291485460549563 ], [ -45.939730836476848, -23.291491321547714 ], [ -45.93973717828019, -23.292394510745318 ], [ -45.938759405663717, -23.292400365903578 ], [ -45.938765741188419, -23.293303555248819 ], [ -45.937787961657996, -23.293309404566653 ], [ -45.937800620465957, -23.29511578344631 ], [ -45.93682282742445, -23.295121627175892 ], [ -45.936829150706728, -23.296024816710045 ], [ -45.935851350750902, -23.296030654597885 ], [ -45.935863985070092, -23.297837033854318 ], [ -45.933908357817266, -23.297848692354805 ], [ -45.93388944640018, -23.295139121799416 ], [ -45.934867240391227, -23.295133296352461 ], [ -45.934860930620097, -23.294230106208087 ], [ -45.935838717697813, -23.294224274919092 ], [ -45.935832401646032, -23.29332108492131 ], [ -45.936810181810429, -23.293315247790819 ], [ -45.936797537463718, -23.291508867983406 ], [ -45.938753070456499, -23.291497176452744 ], [ -45.938740400994462, -23.289690797234332 ], [ -45.939718153823556, -23.289684942835745 ], [ -45.939705472441389, -23.287878563701458 ], [ -45.940683211762796, -23.287872703717237 ], [ -45.940664172290354, -23.285163134984405 ], [ -45.941641891511303, -23.285157269669334 ], [ -45.941635539063171, -23.284254080134314 ], [ -45.942613251372279, -23.284248208981968 ], [ -45.94262596977417, -23.286054587438461 ], [ -45.941648244277836, -23.286060459098785 ] ], [ [ -45.983729973452739, -23.291221544561637 ], [ -45.983723335166594, -23.290318366926289 ], [ -45.984701079630746, -23.290312232011342 ], [ -45.984707724512226, -23.291215409381341 ], [ -45.983729973452739, -23.291221544561637 ] ], [ [ -45.980823195596635, -23.294852626207803 ], [ -45.980839266894144, -23.297045129647991 ], [ -45.980869793367553, -23.297061789206623 ], [ -45.980942060303001, -23.296993315515287 ], [ -45.980994108209181, -23.296890571670787 ], [ -45.98102342591018, -23.29683637873363 ], [ -45.981054667089261, -23.296783059160795 ], [ -45.981125574659771, -23.296648919816398 ], [ -45.981154736446086, -23.296573478175937 ], [ -45.981183885216382, -23.296496265807047 ], [ -45.981206979478983, -23.296446934652792 ], [ -45.981230312964058, -23.296422486932013 ], [ -45.981254974311092, -23.296386916536331 ], [ -45.981304256774251, -23.296244943800204 ], [ -45.981320661579822, -23.296134534207741 ], [ -45.981330601060804, -23.296058867765957 ], [ -45.981329933747546, -23.29596319405869 ], [ -45.981333621184881, -23.295935754642759 ], [ -45.981333662148998, -23.295875989727527 ], [ -45.981342802350305, -23.295815282472233 ], [ -45.981320132343591, -23.295664905922116 ], [ -45.9812706363535, -23.295563939567074 ], [ -45.981418588298375, -23.295454157523352 ], [ -45.981520626526518, -23.295543892072672 ], [ -45.981523744828394, -23.295548896436522 ], [ -45.981526489279311, -23.295554043674635 ], [ -45.98152884898446, -23.295559426974101 ], [ -45.981530831061086, -23.295565016658433 ], [ -45.981532383320413, -23.295570473907116 ], [ -45.981533546623595, -23.295576222592508 ], [ -45.981534825785552, -23.29558717201677 ], [ -45.981534934339827, -23.29565884394971 ], [ -45.981538780271975, -23.295728180471322 ], [ -45.981546551292396, -23.295877642441745 ], [ -45.981549350464014, -23.296031759564812 ], [ -45.981558846656043, -23.296188917462782 ], [ -45.981563280544833, -23.296338400308787 ], [ -45.981566475486083, -23.296546462065585 ], [ -45.981566577242752, -23.296560333545401 ], [ -45.981553590212833, -23.29660973791027 ], [ -45.981542113493674, -23.296637553973369 ], [ -45.981533996591345, -23.296668431700326 ], [ -45.981519137429977, -23.296690103546201 ], [ -45.981394030415011, -23.296923629780128 ], [ -45.981298568001364, -23.29710379398178 ], [ -45.981255794497194, -23.297187294320025 ], [ -45.981173494142837, -23.297341943880454 ], [ -45.981094519532824, -23.297495031247784 ], [ -45.980994532609941, -23.297684086320558 ], [ -45.98096206048384, -23.297750181997483 ], [ -45.980945569220076, -23.29777687337652 ], [ -45.980938968192866, -23.297786933417466 ], [ -45.980929869885806, -23.297797779751882 ], [ -45.980921605886934, -23.297808620867222 ], [ -45.980913302338628, -23.297814067517585 ], [ -45.980904209677348, -23.297825684488398 ], [ -45.980695313603832, -23.298011181855415 ], [ -45.980577626498068, -23.298119041348173 ], [ -45.980114246696438, -23.29853155092669 ], [ -45.980063669642696, -23.298575024723906 ], [ -45.979982471265906, -23.298652599487315 ], [ -45.979849833061607, -23.298769799966795 ], [ -45.979663330824565, -23.298937430606752 ], [ -45.979600436198169, -23.299007954773646 ], [ -45.979549982925626, -23.299068382450006 ], [ -45.97944285302728, -23.299250930485336 ], [ -45.979423940125869, -23.299288811599862 ], [ -45.979310643010216, -23.29954075865891 ], [ -45.979145651744133, -23.299911712106621 ], [ -45.9790988736221, -23.30001835709087 ], [ -45.979001974222435, -23.300230897218395 ], [ -45.978761306473949, -23.30084057964018 ], [ -45.978695167681117, -23.300972032000963 ], [ -45.978638588219454, -23.301099883064406 ], [ -45.978602889221662, -23.30119927092144 ], [ -45.978622027676252, -23.301522323298766 ], [ -45.978406051853824, -23.301547576963134 ], [ -45.978412911155736, -23.301109260026497 ], [ -45.978374025672494, -23.301100648635924 ], [ -45.978379880705774, -23.30098373899531 ], [ -45.978444131635641, -23.300990170007466 ], [ -45.978470811707922, -23.300881843814558 ], [ -45.978481427637938, -23.300826669313427 ], [ -45.978323055432533, -23.300815867101878 ], [ -45.978336798919635, -23.300729011921248 ], [ -45.978464865184293, -23.300746823310874 ], [ -45.978484996072886, -23.300676733878262 ], [ -45.978338120307392, -23.300647546658034 ], [ -45.978373230152044, -23.300467590911548 ], [ -45.978383009954499, -23.300363052407864 ], [ -45.978398719225645, -23.300287086874341 ], [ -45.977929465449471, -23.300290014098955 ], [ -45.977909660378174, -23.297580479288083 ], [ -45.979865258502358, -23.297568272253269 ], [ -45.979845416823608, -23.294858738074225 ], [ -45.980823195596635, -23.294852626207803 ] ], [ [ -45.977936067801465, -23.30119319215774 ], [ -45.976958241848862, -23.30119928758732 ], [ -45.976951646095912, -23.300296109264991 ], [ -45.977929465449471, -23.300290014098955 ], [ -45.977936067801465, -23.30119319215774 ] ], [ [ -45.977962480517526, -23.304805903335332 ], [ -45.977942670484261, -23.302096370110782 ], [ -45.978920502705435, -23.302090268321695 ], [ -45.978940332538791, -23.304799800754804 ], [ -45.977962480517526, -23.304805903335332 ] ], [ [ -46.000248401443422, -23.333222514545504 ], [ -46.000147613686806, -23.333076801030185 ], [ -45.999974622672333, -23.333188853632723 ], [ -45.999886068917142, -23.333994382966072 ], [ -45.999801450159659, -23.334045085833804 ], [ -45.999142112883789, -23.3333027537617 ], [ -46.000230326371863, -23.332515630761332 ], [ -46.000325762734747, -23.332629510340006 ], [ -46.000621744516501, -23.333067871422355 ], [ -46.000677701970176, -23.333200887736599 ], [ -46.000709048423928, -23.333290390199103 ], [ -46.000377608230309, -23.333408176654764 ], [ -46.000248401443422, -23.333222514545504 ] ], [ [ -45.9807129891607, -23.321527782383214 ], [ -45.980702834034595, -23.3214285947879 ], [ -45.980716460378822, -23.321230007197389 ], [ -45.981583627879644, -23.321082665799569 ], [ -45.981576700266615, -23.32116628910147 ], [ -45.981577314100022, -23.321249865161999 ], [ -45.981517059199888, -23.32126069008331 ], [ -45.981511812306145, -23.321316442885756 ], [ -45.981479914558065, -23.321337537657833 ], [ -45.981480323743035, -23.321393255032017 ], [ -45.981469395158648, -23.321445560924118 ], [ -45.981492774000458, -23.32154814812154 ], [ -45.981440380095478, -23.321602454978187 ], [ -45.981333897198354, -23.321615715556234 ], [ -45.981253726774774, -23.321621882511899 ], [ -45.981159989048763, -23.321619415729629 ], [ -45.981023082633136, -23.321619415729625 ], [ -45.980828206834325, -23.32162064912076 ], [ -45.980730768934912, -23.321602148253788 ], [ -45.9807129891607, -23.321527782383214 ] ], [ [ -45.957843845820705, -23.315557687384377 ], [ -45.958317073358614, -23.315908070874027 ], [ -45.957555830647578, -23.31670516066518 ], [ -45.957095009155069, -23.31635961370705 ], [ -45.957843845820705, -23.315557687384377 ] ], [ [ -45.968939369317724, -23.309534071986619 ], [ -45.968918280238924, -23.309288697802828 ], [ -45.968909679026901, -23.309199047383466 ], [ -45.968904124448578, -23.309059542807184 ], [ -45.969322703274408, -23.308978792346561 ], [ -45.969278602054395, -23.309163193432525 ], [ -45.969261623016088, -23.309249854498297 ], [ -45.969292024242385, -23.309526121395681 ], [ -45.96931150804734, -23.30962829446592 ], [ -45.969349469141932, -23.309850482613921 ], [ -45.969388664025239, -23.309929452158343 ], [ -45.969477843740073, -23.310165487233295 ], [ -45.969479711104512, -23.310423045556139 ], [ -45.969471674786298, -23.310724730026983 ], [ -45.969462491136838, -23.311024847836485 ], [ -45.969429607965083, -23.311189770009708 ], [ -45.969368570240178, -23.311388439549145 ], [ -45.969283887239186, -23.311616107300729 ], [ -45.969218046885118, -23.311779134893882 ], [ -45.969076408560312, -23.312141972313999 ], [ -45.968601175313189, -23.312087205674949 ], [ -45.96875426862875, -23.31158056232653 ], [ -45.968914615361179, -23.311604751196459 ], [ -45.969044807041854, -23.311229919275899 ], [ -45.969093152462818, -23.311004050041188 ], [ -45.969109973592246, -23.310817194774462 ], [ -45.969122349898242, -23.310644006121198 ], [ -45.969116741753858, -23.310497157764811 ], [ -45.969089619838407, -23.310359884889955 ], [ -45.969004452094353, -23.310050383263864 ], [ -45.968957776175692, -23.30972280784751 ], [ -45.968939369317724, -23.309534071986619 ] ], [ [ -46.006256694964129, -23.309316339013421 ], [ -46.006778561502493, -23.31031790209483 ], [ -46.006933740384952, -23.310645999921004 ], [ -46.007390118229253, -23.310484397010509 ], [ -46.007495517776611, -23.310820649733838 ], [ -46.006318137380667, -23.311069157016234 ], [ -46.006204868806435, -23.310814248164807 ], [ -46.006014438610123, -23.310240534290685 ], [ -46.00593509006481, -23.309983448591588 ], [ -46.005847390218953, -23.309461965341072 ], [ -46.006256694964129, -23.309316339013421 ] ], [ [ -46.013278607193087, -23.307386324484238 ], [ -46.01311028547763, -23.307284570389772 ], [ -46.012947117216292, -23.307023132902053 ], [ -46.012765900494244, -23.306618812499469 ], [ -46.012829197579848, -23.306575307897418 ], [ -46.013520616520694, -23.306576716148118 ], [ -46.013599723749508, -23.306660437166205 ], [ -46.013727683319196, -23.30675363672777 ], [ -46.013968118886368, -23.306855903215656 ], [ -46.015007080287887, -23.307238999803641 ], [ -46.015179183939921, -23.307280001630691 ], [ -46.015333815732546, -23.307254514046203 ], [ -46.015454083508779, -23.307172440992549 ], [ -46.015655391516674, -23.307009528210401 ], [ -46.015792967339088, -23.306972397321285 ], [ -46.015879993919057, -23.306981627876244 ], [ -46.016099238436581, -23.307644271795443 ], [ -46.016140173427509, -23.30800738141048 ], [ -46.015041360566485, -23.307983157393416 ], [ -46.013614605556633, -23.307504624379767 ], [ -46.013278607193087, -23.307386324484238 ] ], [ [ -46.014710064381191, -23.306099635770575 ], [ -46.014720395921884, -23.306076487488912 ], [ -46.014738466112476, -23.306062731513489 ], [ -46.014755444225017, -23.306054752957607 ], [ -46.014773609930067, -23.306053586220834 ], [ -46.014811749225942, -23.306102387347309 ], [ -46.015017368832446, -23.306329509726886 ], [ -46.015083829770951, -23.306405667729599 ], [ -46.015139424489256, -23.306471929090947 ], [ -46.015185645712855, -23.306500481552135 ], [ -46.015238074354926, -23.306523748026319 ], [ -46.015335742202183, -23.306521017203647 ], [ -46.015463259355023, -23.306485044602709 ], [ -46.015624656959623, -23.306423148122445 ], [ -46.015795069545682, -23.306351750675518 ], [ -46.015950304776176, -23.306674933587242 ], [ -46.015496861331705, -23.306796425932994 ], [ -46.015399880700407, -23.306814889733012 ], [ -46.015316402931539, -23.306816479546626 ], [ -46.015233365665232, -23.30680127998539 ], [ -46.015157623909808, -23.306774492434723 ], [ -46.01510399959853, -23.306743365017006 ], [ -46.01507827553533, -23.306721499326233 ], [ -46.014667803643277, -23.306368492989549 ], [ -46.014691359775412, -23.306179492618476 ], [ -46.014710064381191, -23.306099635770575 ] ], [ [ -45.993523333528756, -23.295701846952429 ], [ -45.993918107862392, -23.295682522937359 ], [ -45.994339852481197, -23.296970762604015 ], [ -45.991325765377297, -23.297432544726995 ], [ -45.990842155923453, -23.296459004329456 ], [ -45.991968501088635, -23.296388509522938 ], [ -45.992283023409982, -23.296353385516028 ], [ -45.992266728791108, -23.296094951726531 ], [ -45.993535594009899, -23.29606212712509 ], [ -45.993523333528756, -23.295701846952429 ] ], [ [ -45.94664632456255, -23.310001617413779 ], [ -45.947359088867024, -23.31196468539526 ], [ -45.947095549924882, -23.312113255489411 ], [ -45.946387017664435, -23.310070474075847 ], [ -45.94664632456255, -23.310001617413779 ] ], [ [ -45.956537379828681, -23.308018030672638 ], [ -45.957233387089069, -23.309094862239604 ], [ -45.957322161880469, -23.309979282628376 ], [ -45.957347127667958, -23.310788390425 ], [ -45.957244798544714, -23.312965340743407 ], [ -45.957180469081223, -23.312951567122568 ], [ -45.95656027310779, -23.31229041411747 ], [ -45.956602639076614, -23.31017226646064 ], [ -45.956596119141494, -23.309796894408478 ], [ -45.956453182009895, -23.308040679533519 ], [ -45.956537379828681, -23.308018030672638 ] ], [ [ -45.939737042808758, -23.30780334584562 ], [ -45.938927191589592, -23.309153474001697 ], [ -45.938631706251137, -23.308285481244248 ], [ -45.939006548279963, -23.307615368426124 ], [ -45.939737042808758, -23.30780334584562 ] ], [ [ -45.926902609122131, -23.301790944474501 ], [ -45.926838320112743, -23.301838487688933 ], [ -45.926775997941647, -23.301876340261554 ], [ -45.926735209293831, -23.301888865408642 ], [ -45.926689993690175, -23.301883442506504 ], [ -45.926643784219493, -23.301861586733565 ], [ -45.926491823241541, -23.301768029074662 ], [ -45.92665174771259, -23.301575573935555 ], [ -45.926803418489797, -23.301365130298276 ], [ -45.927048396933934, -23.301701399509657 ], [ -45.927048775995743, -23.301713771479108 ], [ -45.927046358210752, -23.301720338435729 ], [ -45.927033432312598, -23.301743307467209 ], [ -45.927006656254903, -23.301755972704662 ], [ -45.926979337046774, -23.301766196396425 ], [ -45.926902609122131, -23.301790944474501 ] ], [ [ -45.927147207238555, -23.301174109664725 ], [ -45.926866783360467, -23.300782727568283 ], [ -45.926900189302692, -23.300741413047383 ], [ -45.927029448289488, -23.300937391712583 ], [ -45.927072915254804, -23.300911116697939 ], [ -45.926931366238058, -23.300702855203376 ], [ -45.926983470815557, -23.300638415238318 ], [ -45.927035794292593, -23.300573704548157 ], [ -45.927222011982089, -23.300820989303091 ], [ -45.927276314098052, -23.300893099554685 ], [ -45.927331086064896, -23.300965833844174 ], [ -45.927383548608532, -23.301035499969732 ], [ -45.927437913074314, -23.301107691983283 ], [ -45.927365439626342, -23.30115140358334 ], [ -45.92753744914323, -23.301391760246769 ], [ -45.927454732953159, -23.301446146345519 ], [ -45.927378185403697, -23.301496477434355 ], [ -45.927290560014065, -23.301554091735909 ], [ -45.927108128944845, -23.301306597743242 ], [ -45.926952357683049, -23.301400549049784 ], [ -45.926896747416585, -23.301320997514839 ], [ -45.927147207238555, -23.301174109664725 ] ], [ [ -45.927526192097396, -23.301068813893696 ], [ -45.927270559571603, -23.300694828264533 ], [ -45.927533065249939, -23.300533558715596 ], [ -45.927565596910156, -23.300582080797206 ], [ -45.927809606330747, -23.300433047017513 ], [ -45.927829407003046, -23.300458832520484 ], [ -45.927886892751715, -23.300533694808184 ], [ -45.927942370471449, -23.300605942379654 ], [ -45.928001078983712, -23.300682398800916 ], [ -45.928060974654571, -23.300760399910342 ], [ -45.928207322565875, -23.30095098646196 ], [ -45.928209337208138, -23.300972027846448 ], [ -45.928205037161334, -23.300998628065269 ], [ -45.928201282787398, -23.301005773154031 ], [ -45.928136949737969, -23.301042190289653 ], [ -45.928057707831684, -23.301087046038869 ], [ -45.927967196098507, -23.301138281147843 ], [ -45.927878418114958, -23.301188535873262 ], [ -45.927788621198829, -23.301239366519628 ], [ -45.927628389942903, -23.301009875776103 ], [ -45.927526192097396, -23.301068813893696 ] ], [ [ -45.927661094565046, -23.300239637631513 ], [ -45.927719160356801, -23.300315257071244 ], [ -45.927479784528487, -23.300463634636216 ], [ -45.927221825299874, -23.30062353047985 ], [ -45.927117201697591, -23.300470467241457 ], [ -45.927272567487812, -23.300372360637496 ], [ -45.927174913069649, -23.300244391196493 ], [ -45.927215489308082, -23.300117294626435 ], [ -45.927298570139975, -23.299857064613885 ], [ -45.927308317268327, -23.299838400448468 ], [ -45.927319724653039, -23.299833545835252 ], [ -45.927336730042143, -23.299832180678376 ], [ -45.927351780852177, -23.299836978429717 ], [ -45.92748179731224, -23.300006185989172 ], [ -45.927541238124832, -23.300083548721346 ], [ -45.927602857151903, -23.300163796086625 ], [ -45.927661094565046, -23.300239637631513 ] ], [ [ -45.940229782451688, -23.300071998394348 ], [ -45.940715784268065, -23.300050198463655 ], [ -45.941110594906135, -23.299982780795713 ], [ -45.941364547811503, -23.299914109466311 ], [ -45.941528777551774, -23.2998470256519 ], [ -45.941643249505553, -23.300134073618757 ], [ -45.941145727755774, -23.300294436240506 ], [ -45.94067244799276, -23.300348685533962 ], [ -45.940180824909866, -23.300378912437782 ], [ -45.939686753023452, -23.300383972351778 ], [ -45.939211540888131, -23.30032491824846 ], [ -45.939317618024283, -23.300064088166895 ], [ -45.939798169392837, -23.300074848060611 ], [ -45.940229782451688, -23.300071998394348 ] ], [ [ -45.94538680689098, -23.299128475466851 ], [ -45.945301235010618, -23.299074434441213 ], [ -45.945271333107016, -23.299022156140893 ], [ -45.945262945050537, -23.298960305612226 ], [ -45.945381706577891, -23.298406676534885 ], [ -45.945921031207639, -23.298537718137823 ], [ -45.946128574944929, -23.298171354601287 ], [ -45.947095321253961, -23.298510696142497 ], [ -45.946551911586319, -23.299407870634582 ], [ -45.946088627372141, -23.300071644026382 ], [ -45.945791513389068, -23.300461629537562 ], [ -45.945474501380737, -23.300929373127765 ], [ -45.945147160876694, -23.301382489975257 ], [ -45.944705865236642, -23.301140692523379 ], [ -45.944281482784781, -23.300880956021313 ], [ -45.943913553051097, -23.300572616631737 ], [ -45.943559195761921, -23.300255801282731 ], [ -45.943974960029919, -23.299938547599329 ], [ -45.944358715644718, -23.300236299891882 ], [ -45.944532611076042, -23.30009046692296 ], [ -45.944756329733707, -23.300244396504901 ], [ -45.945631963258663, -23.299422863492644 ], [ -45.945760631081491, -23.299306678728136 ], [ -45.945570244672297, -23.299208155624122 ], [ -45.94538680689098, -23.299128475466851 ] ], [ [ -45.948544283778254, -23.296371859890822 ], [ -45.949029218363499, -23.29684236431271 ], [ -45.948076781933835, -23.297719985938578 ], [ -45.946775853069624, -23.296864377773019 ], [ -45.946356546843177, -23.2973209374044 ], [ -45.946069018831203, -23.297138018133914 ], [ -45.946255352207686, -23.296503194575237 ], [ -45.947376449140421, -23.296345345523758 ], [ -45.948052080432127, -23.296798701119293 ], [ -45.948544283778254, -23.296371859890822 ] ] ], [ [ [ -45.983584007987247, -23.271351612163713 ], [ -45.983427539312956, -23.271352592617589 ], [ -45.98348876636156, -23.271439285519868 ], [ -45.983585297642087, -23.271527266023345 ], [ -45.983584007987247, -23.271351612163713 ] ] ], [ [ [ -45.981623430408845, -23.270631721420646 ], [ -45.981649343116594, -23.270609476253469 ], [ -45.981622952371232, -23.270566478865788 ], [ -45.981623430408845, -23.270631721420646 ] ] ], [ [ [ -45.981628458528654, -23.27131794467121 ], [ -45.981801923504499, -23.27117558196602 ], [ -45.981625907127928, -23.270969740153284 ], [ -45.981628458528654, -23.27131794467121 ] ] ], [ [ [ -45.95806927412076, -23.257961025982471 ], [ -45.957443208983676, -23.257964844573973 ], [ -45.957457070376712, -23.258057451726664 ], [ -45.957459577077969, -23.258408411444684 ], [ -45.957732919584878, -23.258859112220367 ], [ -45.957914137356433, -23.259411767245997 ], [ -45.958082727497072, -23.259843338978726 ], [ -45.95806927412076, -23.257961025982471 ] ] ], [ [ [ -45.957085309776375, -23.257063798496329 ], [ -45.95610779992824, -23.257069753275928 ], [ -45.956110807957266, -23.257491516878314 ], [ -45.957085764507902, -23.25712749311268 ], [ -45.957085309776375, -23.257063798496329 ] ] ], [ [ [ -45.92777237691967, -23.259046188107003 ], [ -45.927772990722673, -23.259134872368492 ], [ -45.927844262295963, -23.259045763350045 ], [ -45.92777237691967, -23.259046188107003 ] ] ], [ [ [ -45.927193636644851, -23.259952839630284 ], [ -45.9271795, -23.2599731 ], [ -45.9269044, -23.2601879 ], [ -45.926803137896087, -23.26025146533815 ], [ -45.926803516711061, -23.260306251880419 ], [ -45.926882110212453, -23.26024577499696 ], [ -45.927167187979414, -23.260053313406747 ], [ -45.927249032046277, -23.259952512506761 ], [ -45.927193636644851, -23.259952839630284 ] ] ], [ [ [ -45.925902027827163, -23.260863694541804 ], [ -45.925830081132396, -23.260906534030724 ], [ -45.92583036330047, -23.26094738453066 ], [ -45.92583321330634, -23.260945040428844 ], [ -45.925943829302454, -23.260863448032087 ], [ -45.925902027827163, -23.260863694541804 ] ] ], [ [ [ -45.982976126908895, -23.321694955812521 ], [ -45.982986204163041, -23.321699860373197 ], [ -45.983085765209552, -23.321549603306178 ], [ -45.982974554457144, -23.321481168266587 ], [ -45.982976126908895, -23.321694955812521 ] ] ], [ [ [ -45.9849471621026, -23.323729724250914 ], [ -45.986903138526181, -23.323717416474103 ], [ -45.986899009993635, -23.323158392020897 ], [ -45.986540343351692, -23.323147285679489 ], [ -45.986557907303954, -23.323481387466352 ], [ -45.98523244135378, -23.323512330686842 ], [ -45.985219995393869, -23.323124604342418 ], [ -45.98514114764675, -23.323093225746785 ], [ -45.984983954169046, -23.323070727396395 ], [ -45.984942421188961, -23.323086504065646 ], [ -45.9849471621026, -23.323729724250914 ] ] ], [ [ [ -45.987874449539568, -23.322808080669155 ], [ -45.987867773176376, -23.321904907800075 ], [ -45.98722807048442, -23.321908939448175 ], [ -45.987291512072964, -23.321979140949722 ], [ -45.98744954736339, -23.3220879345259 ], [ -45.987618550608964, -23.322124056142066 ], [ -45.987500621839004, -23.322757106786987 ], [ -45.987487175385475, -23.322810521818134 ], [ -45.987874449539568, -23.322808080669155 ] ] ], [ [ [ -45.993829667794351, -23.334512192696728 ], [ -45.993847925821107, -23.336965710031951 ], [ -45.993946286526196, -23.336703046137607 ], [ -45.993919691806859, -23.335190959145468 ], [ -45.994025005686424, -23.334912276548852 ], [ -45.994223777957771, -23.334565710594969 ], [ -45.994252725799377, -23.334509507778879 ], [ -45.993829667794351, -23.334512192696728 ] ] ], [ [ [ -45.99385655266849, -23.33812487119426 ], [ -45.9948346437913, -23.338118661147043 ], [ -45.994841372463831, -23.339021830238412 ], [ -45.995819469862568, -23.33901561381639 ], [ -45.995812734577278, -23.338112444993452 ], [ -45.996790825026096, -23.338106222733508 ], [ -45.996784083465549, -23.33720305407331 ], [ -45.997963621830927, -23.337195542422453 ], [ -45.997106884994054, -23.337122948270657 ], [ -45.993851707226966, -23.337473814313498 ], [ -45.99385655266849, -23.33812487119426 ] ] ], [ [ [ -45.937572955961443, -23.262600899013663 ], [ -45.937569842072058, -23.262155767511864 ], [ -45.937561798197542, -23.262153473280463 ], [ -45.937496536798612, -23.26213969635597 ], [ -45.937419602497521, -23.262135355311383 ], [ -45.937375809550453, -23.262146709038397 ], [ -45.937323906798369, -23.262158062765415 ], [ -45.937229833060215, -23.262185636102469 ], [ -45.937131146538192, -23.262237502432161 ], [ -45.937089180750817, -23.262266086159844 ], [ -45.936993026753832, -23.262279709840616 ], [ -45.93668382706975, -23.262404858775103 ], [ -45.936489917106535, -23.262607362869794 ], [ -45.937572955961443, -23.262600899013663 ] ] ], [ [ [ -45.980268119524069, -23.297565754526001 ], [ -45.980368403098105, -23.297650063014622 ], [ -45.98042534124167, -23.297592225238009 ], [ -45.980392331450403, -23.297564978040246 ], [ -45.980268119524069, -23.297565754526001 ] ] ], [ [ [ -45.979865258502358, -23.297568272253269 ], [ -45.979868543697386, -23.298016851566871 ], [ -45.980101049575936, -23.297848848563621 ], [ -45.980286986537443, -23.297714876015931 ], [ -45.980150549361433, -23.297566489401486 ], [ -45.979865258502358, -23.297568272253269 ] ] ], [ [ [ -45.979370001440806, -23.298474585273773 ], [ -45.979382475741623, -23.298485072585439 ], [ -45.97939142815018, -23.298474451454787 ], [ -45.979370001440806, -23.298474585273773 ] ] ], [ [ [ -45.978894067563516, -23.298477556930237 ], [ -45.97889754754695, -23.29895318412462 ], [ -45.978994387469285, -23.299026705992116 ], [ -45.979110283913002, -23.298883432607997 ], [ -45.979198960265826, -23.298950169490087 ], [ -45.979235008209514, -23.298898591049706 ], [ -45.978945757995717, -23.298677778587191 ], [ -45.97911410541532, -23.298476183227944 ], [ -45.978894067563516, -23.298477556930237 ] ] ], [ [ [ -45.978445659560954, -23.300286793981311 ], [ -45.978658030686496, -23.300350711359417 ], [ -45.978685612436195, -23.300285296530816 ], [ -45.978445659560954, -23.300286793981311 ] ] ], [ [ [ -45.97987006677878, -23.298224818012802 ], [ -45.979914337645155, -23.298269696109433 ], [ -45.980014326807122, -23.298179645629755 ], [ -45.979868558580385, -23.298018883750771 ], [ -45.97987006677878, -23.298224818012802 ] ] ], [ [ [ -45.900641091797155, -23.294862101310372 ], [ -45.899797, -23.295156 ], [ -45.899436996843505, -23.295340489154054 ], [ -45.900644264934051, -23.295333560880671 ], [ -45.900641091797155, -23.294862101310372 ] ] ], [ [ [ -45.897711910415367, -23.295508524327925 ], [ -45.8976163, -23.2955707 ], [ -45.897562, -23.295606 ], [ -45.8975482, -23.2956278 ], [ -45.897507, -23.295693 ], [ -45.8974825, -23.2957389 ], [ -45.897421, -23.295854 ], [ -45.8973768, -23.2960709 ], [ -45.8973762, -23.2960737 ], [ -45.897359, -23.296134 ], [ -45.897271, -23.296245 ], [ -45.897256475636219, -23.296256213372999 ], [ -45.897716908849688, -23.296253578457065 ], [ -45.897711910415367, -23.295508524327925 ] ] ], [ [ [ -45.928743316611865, -23.258088869843167 ], [ -45.928693706245575, -23.258137508762609 ], [ -45.92873188423853, -23.258137282962963 ], [ -45.928743582888472, -23.258127303956968 ], [ -45.928743316611865, -23.258088869843167 ] ] ], [ [ [ -45.9208658, -23.2640995 ], [ -45.9207719, -23.2643142 ], [ -45.920655913559621, -23.264507478741866 ], [ -45.920966878675998, -23.26450565483875 ], [ -45.920963084701349, -23.263953573017883 ], [ -45.9208658, -23.2640995 ] ] ], [ [ [ -45.938585038755612, -23.258981928342855 ], [ -45.9385646, -23.2589747 ], [ -45.938525062543867, -23.258960602629877 ], [ -45.938525100147977, -23.258965973570167 ], [ -45.938576329834774, -23.258981980399675 ], [ -45.938585038755612, -23.258981928342855 ] ] ] ] } },
{ "type": "Feature", "properties": { "fid": 506, "value": 1, "CD_MUN": "3524402", "NM_MUN": "Jacareí", "CD_RGI": "350049", "NM_RGI": "São José dos Campos", "CD_RGINT": "3511", "NM_RGINT": "São José dos Campos", "CD_UF": "35", "NM_UF": "São Paulo", "SIGLA_UF": "SP", "CD_REGIA": "3", "NM_REGIA": "Sudeste", "SIGLA_RG": "SE", "CD_CONCU": "3549904", "NM_CONCU": "São José dos Campos/SP", "AREA_KM2": 464.272 }, "geometry": { "type": "MultiPolygon", "coordinates": [ [ [ [ -46.096428198370333, -23.322086084866687 ], [ -46.09642078870759, -23.321182943190767 ], [ -46.09250904501944, -23.321210265557315 ], [ -46.09251642825928, -23.32211340841372 ], [ -46.09545025639833, -23.322092924904904 ], [ -46.095457659826096, -23.322996066770067 ], [ -46.093501761558123, -23.323009729133847 ], [ -46.093509152143852, -23.323912871483 ], [ -46.092531195848174, -23.323919693807746 ], [ -46.092545964916106, -23.325725978776699 ], [ -46.090590024788142, -23.325739606298978 ], [ -46.090582653283448, -23.324836463278949 ], [ -46.089604689272718, -23.324843267593042 ], [ -46.089619419436687, -23.326649554114752 ], [ -46.090597396661948, -23.326642749212755 ], [ -46.090604768904889, -23.327545892020265 ], [ -46.092560735463181, -23.327532263320577 ], [ -46.092553350004742, -23.326629121101774 ], [ -46.093531326121621, -23.326622297892808 ], [ -46.09353871818778, -23.32752543981686 ], [ -46.096472664139455, -23.327504932690324 ], [ -46.096465252250177, -23.326601791652099 ], [ -46.097443226884572, -23.32659494403396 ], [ -46.097435808759066, -23.325691803185244 ], [ -46.098413776414674, -23.325684949760898 ], [ -46.098391504446674, -23.322975527465182 ], [ -46.09921899957282, -23.322969724392223 ], [ -46.0991207, -23.3227991 ], [ -46.0990198, -23.322624 ], [ -46.098828, -23.322291 ], [ -46.098668712699229, -23.322070390984194 ], [ -46.096428198370333, -23.322086084866687 ] ] ] ] } },
{ "type": "Feature", "properties": { "fid": 508, "value": 1, "CD_MUN": "3524402", "NM_MUN": "Jacareí", "CD_RGI": "350049", "NM_RGI": "São José dos Campos", "CD_RGINT": "3511", "NM_RGINT": "São José dos Campos", "CD_UF": "35", "NM_UF": "São Paulo", "SIGLA_UF": "SP", "CD_REGIA": "3", "NM_REGIA": "Sudeste", "SIGLA_RG": "SE", "CD_CONCU": "3549904", "NM_CONCU": "São José dos Campos/SP", "AREA_KM2": 464.272 }, "geometry": { "type": "MultiPolygon", "coordinates": [ [ [ [ -46.04861494399691, -23.335961396790111 ], [ -46.048636220008945, -23.338670858917009 ], [ -46.049614298371665, -23.338664306643519 ], [ -46.049600100784559, -23.336857999230926 ], [ -46.05057816556787, -23.336851441417679 ], [ -46.050571060695837, -23.335948287835354 ], [ -46.04861494399691, -23.335961396790111 ] ] ] ] } },
{ "type": "Feature", "properties": { "fid": 509, "value": 1, "CD_MUN": "3524402", "NM_MUN": "Jacareí", "CD_RGI": "350049", "NM_RGI": "São José dos Campos", "CD_RGINT": "3511", "NM_RGINT": "São José dos Campos", "CD_UF": "35", "NM_UF": "São Paulo", "SIGLA_UF": "SP", "CD_REGIA": "3", "NM_REGIA": "Sudeste", "SIGLA_RG": "SE", "CD_CONCU": "3549904", "NM_CONCU": "São José dos Campos/SP", "AREA_KM2": 464.272 }, "geometry": { "type": "MultiPolygon", "coordinates": [ [ [ [ -46.053519482845552, -23.337734883969357 ], [ -46.053526608265429, -23.33863803648822 ], [ -46.054504684847949, -23.338631453684098 ], [ -46.054497552815938, -23.337728301449488 ], [ -46.053519482845552, -23.337734883969357 ] ] ] ] } },
{ "type": "Feature", "properties": { "fid": 512, "value": 1, "CD_MUN": "3524402", "NM_MUN": "Jacareí", "CD_RGI": "350049", "NM_RGI": "São José dos Campos", "CD_RGINT": "3511", "NM_RGINT": "São José dos Campos", "CD_UF": "35", "NM_UF": "São Paulo", "SIGLA_UF": "SP", "CD_REGIA": "3", "NM_REGIA": "Sudeste", "SIGLA_RG": "SE", "CD_CONCU": "3549904", "NM_CONCU": "São José dos Campos/SP", "AREA_KM2": 464.272 }, "geometry": { "type": "MultiPolygon", "coordinates": [ [ [ [ -46.054504684847949, -23.338631453684098 ], [ -46.054511817237007, -23.339534605812545 ], [ -46.056467982555517, -23.339521421316721 ], [ -46.056460836941568, -23.338618269757578 ], [ -46.054504684847949, -23.338631453684098 ] ] ] ] } },
{ "type": "Feature", "properties": { "fid": 513, "value": 1, "CD_MUN": "3524402", "NM_MUN": "Jacareí", "CD_RGI": "350049", "NM_RGI": "São José dos Campos", "CD_RGINT": "3511", "NM_RGINT": "São José dos Campos", "CD_UF": "35", "NM_UF": "São Paulo", "SIGLA_UF": "SP", "CD_REGIA": "3", "NM_REGIA": "Sudeste", "SIGLA_RG": "SE", "CD_CONCU": "3549904", "NM_CONCU": "São José dos Campos/SP", "AREA_KM2": 464.272 }, "geometry": { "type": "MultiPolygon", "coordinates": [ [ [ [ -46.047658141291194, -23.338677405084351 ], [ -46.047665227392756, -23.339580559197024 ], [ -46.048643312723037, -23.339574012747025 ], [ -46.048636220008945, -23.338670858917009 ], [ -46.047658141291194, -23.338677405084351 ] ] ] ] } },
{ "type": "Feature", "properties": { "fid": 514, "value": 1, "CD_MUN": "3524402", "NM_MUN": "Jacareí", "CD_RGI": "350049", "NM_RGI": "São José dos Campos", "CD_RGINT": "3511", "NM_RGINT": "São José dos Campos", "CD_UF": "35", "NM_UF": "São Paulo", "SIGLA_UF": "SP", "CD_REGIA": "3", "NM_REGIA": "Sudeste", "SIGLA_RG": "SE", "CD_CONCU": "3549904", "NM_CONCU": "São José dos Campos/SP", "AREA_KM2": 464.272 }, "geometry": { "type": "MultiPolygon", "coordinates": [ [ [ [ -46.036899252057509, -23.338749009916366 ], [ -46.036906265420534, -23.339652167121038 ], [ -46.037884354634599, -23.339645687842204 ], [ -46.037877334658923, -23.338742530917312 ], [ -46.036899252057509, -23.338749009916366 ] ] ] ] } },
{ "type": "Feature", "properties": { "fid": 515, "value": 1, "CD_MUN": "3524402", "NM_MUN": "Jacareí", "CD_RGI": "350049", "NM_RGI": "São José dos Campos", "CD_RGINT": "3511", "NM_RGINT": "São José dos Campos", "CD_UF": "35", "NM_UF": "São Paulo", "SIGLA_UF": "SP", "CD_REGIA": "3", "NM_REGIA": "Sudeste", "SIGLA_RG": "SE", "CD_CONCU": "3549904", "NM_CONCU": "São José dos Campos/SP", "AREA_KM2": 464.272 }, "geometry": { "type": "MultiPolygon", "coordinates": [ [ [ [ -46.034943085801785, -23.338761949595703 ], [ -46.034950085939492, -23.339665107359124 ], [ -46.035928175855389, -23.339658640293351 ], [ -46.035921169105016, -23.338755482809169 ], [ -46.034943085801785, -23.338761949595703 ] ] ] ] } },
{ "type": "Feature", "properties": { "fid": 516, "value": 1, "CD_MUN": "3524402", "NM_MUN": "Jacareí", "CD_RGI": "350049", "NM_RGI": "São José dos Campos", "CD_RGINT": "3511", "NM_RGINT": "São José dos Campos", "CD_UF": "35", "NM_UF": "São Paulo", "SIGLA_UF": "SP", "CD_REGIA": "3", "NM_REGIA": "Sudeste", "SIGLA_RG": "SE", "CD_CONCU": "3549904", "NM_CONCU": "São José dos Campos/SP", "AREA_KM2": 464.272 }, "geometry": { "type": "MultiPolygon", "coordinates": [ [ [ [ -46.032986918144417, -23.338774864849928 ], [ -46.033000892318853, -23.340581181386074 ], [ -46.034957086427617, -23.340568265016454 ], [ -46.034950085939492, -23.339665107359124 ], [ -46.033971995673163, -23.339671568318359 ], [ -46.033965002148136, -23.338768410275964 ], [ -46.032986918144417, -23.338774864849928 ] ] ] ] } },
{ "type": "Feature", "properties": { "fid": 518, "value": 1, "CD_MUN": "3524402", "NM_MUN": "Jacareí", "CD_RGI": "350049", "NM_RGI": "São José dos Campos", "CD_RGINT": "3511", "NM_RGINT": "São José dos Campos", "CD_UF": "35", "NM_UF": "São Paulo", "SIGLA_UF": "SP", "CD_REGIA": "3", "NM_REGIA": "Sudeste", "SIGLA_RG": "SE", "CD_CONCU": "3549904", "NM_CONCU": "São José dos Campos/SP", "AREA_KM2": 464.272 }, "geometry": { "type": "MultiPolygon", "coordinates": [ [ [ [ -46.057438912452, -23.338611668635181 ], [ -46.057446064678381, -23.339514819909287 ], [ -46.059402227849681, -23.339501598775417 ], [ -46.059416559828215, -23.341307899863288 ], [ -46.061372748016296, -23.341294653160254 ], [ -46.061365568621561, -23.340391503241371 ], [ -46.062343655563652, -23.340384871015981 ], [ -46.062336469915579, -23.339481721277249 ], [ -46.061358389586189, -23.339488353216275 ], [ -46.061351210910182, -23.338585203084985 ], [ -46.057438912452, -23.338611668635181 ] ] ] ] } },
{ "type": "Feature", "properties": { "fid": 520, "value": 1, "CD_MUN": "3524402", "NM_MUN": "Jacareí", "CD_RGI": "350049", "NM_RGI": "São José dos Campos", "CD_RGINT": "3511", "NM_RGINT": "São José dos Campos", "CD_UF": "35", "NM_UF": "São Paulo", "SIGLA_UF": "SP", "CD_REGIA": "3", "NM_REGIA": "Sudeste", "SIGLA_RG": "SE", "CD_CONCU": "3549904", "NM_CONCU": "São José dos Campos/SP", "AREA_KM2": 464.272 }, "geometry": { "type": "MultiPolygon", "coordinates": [ [ [ [ -46.037891374961688, -23.340548844661001 ], [ -46.037898395640212, -23.341452001373668 ], [ -46.036920293199863, -23.341458481212058 ], [ -46.036927307616182, -23.342361638098399 ], [ -46.038883525372711, -23.342348671754756 ], [ -46.038869470437305, -23.340542358995606 ], [ -46.037891374961688, -23.340548844661001 ] ] ] ] } },
{ "type": "Feature", "properties": { "fid": 522, "value": 1, "CD_MUN": "3524402", "NM_MUN": "Jacareí", "CD_RGI": "350049", "NM_RGI": "São José dos Campos", "CD_RGINT": "3511", "NM_RGINT": "São José dos Campos", "CD_UF": "35", "NM_UF": "São Paulo", "SIGLA_UF": "SP", "CD_REGIA": "3", "NM_REGIA": "Sudeste", "SIGLA_RG": "SE", "CD_CONCU": "3549904", "NM_CONCU": "São José dos Campos/SP", "AREA_KM2": 464.272 }, "geometry": { "type": "MultiPolygon", "coordinates": [ [ [ [ -45.976277269332961, -23.341848303776086 ], [ -45.976283873683407, -23.342751477493987 ], [ -45.977262003880668, -23.342745376045709 ], [ -45.977255392915943, -23.341842202591231 ], [ -45.976277269332961, -23.341848303776086 ] ] ] ] } },
{ "type": "Feature", "properties": { "fid": 524, "value": 1, "CD_MUN": "3524402", "NM_MUN": "Jacareí", "CD_RGI": "350049", "NM_RGI": "São José dos Campos", "CD_RGINT": "3511", "NM_RGINT": "São José dos Campos", "CD_UF": "35", "NM_UF": "São Paulo", "SIGLA_UF": "SP", "CD_REGIA": "3", "NM_REGIA": "Sudeste", "SIGLA_RG": "SE", "CD_CONCU": "3549904", "NM_CONCU": "São José dos Campos/SP", "AREA_KM2": 464.272 }, "geometry": { "type": "MultiPolygon", "coordinates": [ [ [ [ -45.961605376103599, -23.341939088634259 ], [ -45.961611881238738, -23.342842266272044 ], [ -45.963568151155577, -23.342830240504647 ], [ -45.963574669845841, -23.343733417517363 ], [ -45.964552810929725, -23.343727395211715 ], [ -45.964546285624721, -23.342824218459015 ], [ -45.965524419767256, -23.342818190305429 ], [ -45.965517888174482, -23.341915013707144 ], [ -45.961605376103599, -23.341939088634259 ] ] ] ] } },
{ "type": "Feature", "properties": { "fid": 527, "value": 1, "CD_MUN": "3524402", "NM_MUN": "Jacareí", "CD_RGI": "350049", "NM_RGI": "São José dos Campos", "CD_RGINT": "3511", "NM_RGINT": "São José dos Campos", "CD_UF": "35", "NM_UF": "São Paulo", "SIGLA_UF": "SP", "CD_REGIA": "3", "NM_REGIA": "Sudeste", "SIGLA_RG": "SE", "CD_CONCU": "3549904", "NM_CONCU": "São José dos Campos/SP", "AREA_KM2": 464.272 }, "geometry": { "type": "MultiPolygon", "coordinates": [ [ [ [ -46.038883525372711, -23.342348671754756 ], [ -46.03889055336807, -23.343251827975148 ], [ -46.035956206364524, -23.343271269169009 ], [ -46.035963214868772, -23.344174426122638 ], [ -46.039875703294214, -23.344148491196012 ], [ -46.039861633723469, -23.342342179421983 ], [ -46.038883525372711, -23.342348671754756 ] ] ] ] } },
{ "type": "Feature", "properties": { "fid": 528, "value": 1, "CD_MUN": "3524402", "NM_MUN": "Jacareí", "CD_RGI": "350049", "NM_RGI": "São José dos Campos", "CD_RGINT": "3511", "NM_RGINT": "São José dos Campos", "CD_UF": "35", "NM_UF": "São Paulo", "SIGLA_UF": "SP", "CD_REGIA": "3", "NM_REGIA": "Sudeste", "SIGLA_RG": "SE", "CD_CONCU": "3549904", "NM_CONCU": "São José dos Campos/SP", "AREA_KM2": 464.272 }, "geometry": { "type": "MultiPolygon", "coordinates": [ [ [ [ -45.978240133747001, -23.342739268489581 ], [ -45.978253369898752, -23.344545614553429 ], [ -45.979231512663333, -23.344539500361542 ], [ -45.979218263282085, -23.34273315482563 ], [ -45.978240133747001, -23.342739268489581 ] ] ] ] } },
{ "type": "Feature", "properties": { "fid": 535, "value": 1, "CD_MUN": "3524402", "NM_MUN": "Jacareí", "CD_RGI": "350049", "NM_RGI": "São José dos Campos", "CD_RGINT": "3511", "NM_RGINT": "São José dos Campos", "CD_UF": "35", "NM_UF": "São Paulo", "SIGLA_UF": "SP", "CD_REGIA": "3", "NM_REGIA": "Sudeste", "SIGLA_RG": "SE", "CD_CONCU": "3549904", "NM_CONCU": "São José dos Campos/SP", "AREA_KM2": 464.272 }, "geometry": { "type": "MultiPolygon", "coordinates": [ [ [ [ -46.060416174601166, -23.344010729542955 ], [ -46.060423348819107, -23.344913879323133 ], [ -46.061401469189143, -23.344907251773737 ], [ -46.061394288356823, -23.344004102279683 ], [ -46.060416174601166, -23.344010729542955 ] ] ] ] } },
{ "type": "Feature", "properties": { "fid": 536, "value": 1, "CD_MUN": "3524402", "NM_MUN": "Jacareí", "CD_RGI": "350049", "NM_RGI": "São José dos Campos", "CD_RGINT": "3511", "NM_RGINT": "São José dos Campos", "CD_UF": "35", "NM_UF": "São Paulo", "SIGLA_UF": "SP", "CD_REGIA": "3", "NM_REGIA": "Sudeste", "SIGLA_RG": "SE", "CD_CONCU": "3549904", "NM_CONCU": "São José dos Campos/SP", "AREA_KM2": 464.272 }, "geometry": { "type": "MultiPolygon", "coordinates": [ [ [ [ -46.071124687418312, -23.337615464426193 ], [ -46.071131931854971, -23.338518611788228 ], [ -46.070153861386991, -23.33852529839481 ], [ -46.070161099574023, -23.33942844593934 ], [ -46.069183022131426, -23.339435126728439 ], [ -46.069190254068175, -23.34033827445522 ], [ -46.064299828368412, -23.340371588245539 ], [ -46.06430702760224, -23.341274737304531 ], [ -46.065285120077249, -23.341268086472343 ], [ -46.065299532853039, -23.343074383697335 ], [ -46.06334332108861, -23.343087680403048 ], [ -46.063336127747704, -23.342184531269588 ], [ -46.06235802793892, -23.342191170174804 ], [ -46.062386777006196, -23.345803767217902 ], [ -46.06336490327174, -23.345797127166097 ], [ -46.063357708850617, -23.344893978351305 ], [ -46.065313947071743, -23.344880680497418 ], [ -46.065321154722213, -23.345783828738117 ], [ -46.067277404729644, -23.345770505877699 ], [ -46.06726296333153, -23.343964210440365 ], [ -46.068241074564355, -23.343957540423951 ], [ -46.068233847793429, -23.343054392833896 ], [ -46.070190055945645, -23.343041035055133 ], [ -46.070182816309199, -23.342137887935547 ], [ -46.07116091322829, -23.342131200173998 ], [ -46.071146421816273, -23.340324906193594 ], [ -46.072124505146469, -23.340318212903068 ], [ -46.072131757284069, -23.341221359657379 ], [ -46.073109846864178, -23.341214659971119 ], [ -46.073088071702628, -23.338505220257236 ], [ -46.07211000196029, -23.3385119190757 ], [ -46.072102750911696, -23.337608772002664 ], [ -46.071124687418312, -23.337615464426193 ] ] ] ] } },
{ "type": "Feature", "properties": { "fid": 538, "value": 1, "CD_MUN": "3524402", "NM_MUN": "Jacareí", "CD_RGI": "350049", "NM_RGI": "São José dos Campos", "CD_RGINT": "3511", "NM_RGINT": "São José dos Campos", "CD_UF": "35", "NM_UF": "São Paulo", "SIGLA_UF": "SP", "CD_REGIA": "3", "NM_REGIA": "Sudeste", "SIGLA_RG": "SE", "CD_CONCU": "3549904", "NM_CONCU": "São José dos Campos/SP", "AREA_KM2": 464.272 }, "geometry": { "type": "MultiPolygon", "coordinates": [ [ [ [ -46.059445228089977, -23.344920500764641 ], [ -46.059452396052301, -23.345823650724462 ], [ -46.060430523396143, -23.345817028997093 ], [ -46.060423348819107, -23.344913879323133 ], [ -46.059445228089977, -23.344920500764641 ] ] ] ] } },
{ "type": "Feature", "properties": { "fid": 546, "value": 1, "CD_MUN": "3524402", "NM_MUN": "Jacareí", "CD_RGI": "350049", "NM_RGI": "São José dos Campos", "CD_RGINT": "3511", "NM_RGINT": "São José dos Campos", "CD_UF": "35", "NM_UF": "São Paulo", "SIGLA_UF": "SP", "CD_REGIA": "3", "NM_REGIA": "Sudeste", "SIGLA_RG": "SE", "CD_CONCU": "3549904", "NM_CONCU": "São José dos Campos/SP", "AREA_KM2": 464.272 }, "geometry": { "type": "MultiPolygon", "coordinates": [ [ [ [ -46.058495754543138, -23.348539716442652 ], [ -46.05850291732456, -23.34944286626321 ], [ -46.057524762801229, -23.349449476915616 ], [ -46.057531919324738, -23.350352626915313 ], [ -46.058510080464458, -23.35034601597755 ], [ -46.058517243962861, -23.351249165585667 ], [ -46.060473578399908, -23.35123592481018 ], [ -46.060466401668094, -23.35033277577357 ], [ -46.059488241245688, -23.350339398930299 ], [ -46.059473902091931, -23.348533099966634 ], [ -46.058495754543138, -23.348539716442652 ] ] ] ] } },
{ "type": "Feature", "properties": { "fid": 548, "value": 1, "CD_MUN": "3524402", "NM_MUN": "Jacareí", "CD_RGI": "350049", "NM_RGI": "São José dos Campos", "CD_RGINT": "3511", "NM_RGINT": "São José dos Campos", "CD_UF": "35", "NM_UF": "São Paulo", "SIGLA_UF": "SP", "CD_REGIA": "3", "NM_REGIA": "Sudeste", "SIGLA_RG": "SE", "CD_CONCU": "3549904", "NM_CONCU": "São José dos Campos/SP", "AREA_KM2": 464.272 }, "geometry": { "type": "MultiPolygon", "coordinates": [ [ [ [ -46.013521161481272, -23.351546958108099 ], [ -46.013528020942552, -23.35245012046364 ], [ -46.014506211106621, -23.352443783915199 ], [ -46.014499345027801, -23.351540621833156 ], [ -46.013521161481272, -23.351546958108099 ] ] ] ] } },
{ "type": "Feature", "properties": { "fid": 553, "value": 1, "CD_MUN": "3524402", "NM_MUN": "Jacareí", "CD_RGI": "350049", "NM_RGI": "São José dos Campos", "CD_RGINT": "3511", "NM_RGINT": "São José dos Campos", "CD_UF": "35", "NM_UF": "São Paulo", "SIGLA_UF": "SP", "CD_REGIA": "3", "NM_REGIA": "Sudeste", "SIGLA_RG": "SE", "CD_CONCU": "3549904", "NM_CONCU": "São José dos Campos/SP", "AREA_KM2": 464.272 }, "geometry": { "type": "MultiPolygon", "coordinates": [ [ [ [ -46.053626401602173, -23.351282160603514 ], [ -46.053633532373688, -23.352185311529567 ], [ -46.050699002821048, -23.352205036074086 ], [ -46.050706114097068, -23.353108187745267 ], [ -46.052662480723491, -23.353095043591697 ], [ -46.052669605590964, -23.353998194589369 ], [ -46.055604172708996, -23.353978431678573 ], [ -46.055611317787296, -23.354881581717077 ], [ -46.057567707314952, -23.354868375320383 ], [ -46.05756054900052, -23.353965225851834 ], [ -46.056582361033691, -23.353971831820484 ], [ -46.056568058714561, -23.352165531994473 ], [ -46.055589883625011, -23.352172131282881 ], [ -46.055582739619318, -23.35126898092571 ], [ -46.053626401602173, -23.351282160603514 ] ] ] ] } },
{ "type": "Feature", "properties": { "fid": 559, "value": 1, "CD_MUN": "3524402", "NM_MUN": "Jacareí", "CD_RGI": "350049", "NM_RGI": "São José dos Campos", "CD_RGINT": "3511", "NM_RGINT": "São José dos Campos", "CD_UF": "35", "NM_UF": "São Paulo", "SIGLA_UF": "SP", "CD_REGIA": "3", "NM_REGIA": "Sudeste", "SIGLA_RG": "SE", "CD_CONCU": "3549904", "NM_CONCU": "São José dos Campos/SP", "AREA_KM2": 464.272 }, "geometry": { "type": "MultiPolygon", "coordinates": [ [ [ [ -46.061494852720777, -23.356648185529448 ], [ -46.061502038586006, -23.357551333536165 ], [ -46.0624802512325, -23.357544695869098 ], [ -46.062473058748267, -23.356641548148822 ], [ -46.061494852720777, -23.356648185529448 ] ] ] ] } },
{ "type": "Feature", "properties": { "fid": 560, "value": 1, "CD_MUN": "3524402", "NM_MUN": "Jacareí", "CD_RGI": "350049", "NM_RGI": "São José dos Campos", "CD_RGINT": "3511", "NM_RGINT": "São José dos Campos", "CD_UF": "35", "NM_UF": "São Paulo", "SIGLA_UF": "SP", "CD_REGIA": "3", "NM_REGIA": "Sudeste", "SIGLA_RG": "SE", "CD_CONCU": "3549904", "NM_CONCU": "São José dos Campos/SP", "AREA_KM2": 464.272 }, "geometry": { "type": "MultiPolygon", "coordinates": [ [ [ [ -46.011571639584908, -23.352462775229231 ], [ -46.011578486153716, -23.353365938024915 ], [ -46.0106002883429, -23.353372256514756 ], [ -46.01059344839198, -23.35246909344637 ], [ -46.009615256856762, -23.352475405553058 ], [ -46.009622090189772, -23.353378568893888 ], [ -46.008643891694682, -23.353384875162295 ], [ -46.008650718751419, -23.354288038669257 ], [ -46.00962892386476, -23.354281732128666 ], [ -46.009635757881732, -23.355184895257384 ], [ -46.013548601386162, -23.355159606893864 ], [ -46.013555462220651, -23.356062768825133 ], [ -46.01453367885815, -23.356056431182683 ], [ -46.014547414795828, -23.357862754179962 ], [ -46.016503873516868, -23.357850059465019 ], [ -46.016496992137192, -23.356946898567244 ], [ -46.015518769568175, -23.356953248706663 ], [ -46.015505021079804, -23.355146926044771 ], [ -46.014526811404806, -23.355153269524926 ], [ -46.01451994429511, -23.354250107761089 ], [ -46.013541740894993, -23.354256444856521 ], [ -46.013528020942552, -23.35245012046364 ], [ -46.011571639584908, -23.352462775229231 ] ] ] ] } },
{ "type": "Feature", "properties": { "fid": 561, "value": 1, "CD_MUN": "3524402", "NM_MUN": "Jacareí", "CD_RGI": "350049", "NM_RGI": "São José dos Campos", "CD_RGINT": "3511", "NM_RGINT": "São José dos Campos", "CD_UF": "35", "NM_UF": "São Paulo", "SIGLA_UF": "SP", "CD_REGIA": "3", "NM_REGIA": "Sudeste", "SIGLA_RG": "SE", "CD_CONCU": "3549904", "NM_CONCU": "São José dos Campos/SP", "AREA_KM2": 464.272 }, "geometry": { "type": "MultiPolygon", "coordinates": [ [ [ [ -46.060509467446735, -23.355751668399616 ], [ -46.059531267319137, -23.355758293271709 ], [ -46.059524095409728, -23.354855144480418 ], [ -46.058545901541613, -23.354861762955807 ], [ -46.058553066832651, -23.35576491203274 ], [ -46.057574865987604, -23.355771524682691 ], [ -46.05758202501849, -23.35667467393877 ], [ -46.05856023248225, -23.356668061003433 ], [ -46.058574564857153, -23.358474358626076 ], [ -46.060531005185403, -23.358461113278288 ], [ -46.060529808834204, -23.358310623137911 ], [ -46.0605076, -23.3580654 ], [ -46.060527205901444, -23.357983193436777 ], [ -46.060509467446735, -23.355751668399616 ] ] ] ] } },
{ "type": "Feature", "properties": { "fid": 570, "value": 1, "CD_MUN": "3524402", "NM_MUN": "Jacareí", "CD_RGI": "350049", "NM_RGI": "São José dos Campos", "CD_RGINT": "3511", "NM_RGINT": "São José dos Campos", "CD_UF": "35", "NM_UF": "São Paulo", "SIGLA_UF": "SP", "CD_REGIA": "3", "NM_REGIA": "Sudeste", "SIGLA_RG": "SE", "CD_CONCU": "3549904", "NM_CONCU": "São José dos Campos/SP", "AREA_KM2": 464.272 }, "geometry": { "type": "MultiPolygon", "coordinates": [ [ [ [ -46.016503873516868, -23.357850059465019 ], [ -46.016517637309263, -23.35965638094229 ], [ -46.018474121132861, -23.359643660681645 ], [ -46.018467225824203, -23.35874050054495 ], [ -46.017488990704891, -23.358746863456943 ], [ -46.017482102361051, -23.357843702939572 ], [ -46.016503873516868, -23.357850059465019 ] ] ] ] } },
{ "type": "Feature", "properties": { "fid": 587, "value": 1, "CD_MUN": "3524402", "NM_MUN": "Jacareí", "CD_RGI": "350049", "NM_RGI": "São José dos Campos", "CD_RGINT": "3511", "NM_RGINT": "São José dos Campos", "CD_UF": "35", "NM_UF": "São Paulo", "SIGLA_UF": "SP", "CD_REGIA": "3", "NM_REGIA": "Sudeste", "SIGLA_RG": "SE", "CD_CONCU": "3549904", "NM_CONCU": "São José dos Campos/SP", "AREA_KM2": 464.272 }, "geometry": { "type": "MultiPolygon", "coordinates": [ [ [ [ -46.018487912785268, -23.36144998063671 ], [ -46.018494809129024, -23.362353140455081 ], [ -46.015560023289609, -23.362372214146177 ], [ -46.015566900114003, -23.363275374681404 ], [ -46.014588630857467, -23.363281720625636 ], [ -46.014602372294505, -23.365088041925386 ], [ -46.015580654795016, -23.365081695433549 ], [ -46.01560128939726, -23.367791175765884 ], [ -46.018536194438134, -23.367772097136726 ], [ -46.018529296023885, -23.366868937955097 ], [ -46.019507590391271, -23.366862566457176 ], [ -46.019493781352857, -23.365056248325278 ], [ -46.020472062129592, -23.365049871263025 ], [ -46.020444421711254, -23.361437234826191 ], [ -46.018487912785268, -23.36144998063671 ] ] ] ] } },
{ "type": "Feature", "properties": { "fid": 588, "value": 1, "CD_MUN": "3524402", "NM_MUN": "Jacareí", "CD_RGI": "350049", "NM_RGI": "São José dos Campos", "CD_RGINT": "3511", "NM_RGINT": "São José dos Campos", "CD_UF": "35", "NM_UF": "São Paulo", "SIGLA_UF": "SP", "CD_REGIA": "3", "NM_REGIA": "Sudeste", "SIGLA_RG": "SE", "CD_CONCU": "3549904", "NM_CONCU": "São José dos Campos/SP", "AREA_KM2": 464.272 }, "geometry": { "type": "MultiPolygon", "coordinates": [ [ [ [ -46.027292192045032, -23.361392431930277 ], [ -46.02631394018163, -23.361398850682871 ], [ -46.02630699121687, -23.36049569296457 ], [ -46.025328745626496, -23.360502105327516 ], [ -46.025342630661946, -23.362308421211377 ], [ -46.023386111955872, -23.362321228704388 ], [ -46.023406902384004, -23.365030703391973 ], [ -46.021450342560591, -23.365043488086719 ], [ -46.021464178089396, -23.366849805117557 ], [ -46.022442471419474, -23.366843415275888 ], [ -46.02244939632611, -23.367746573356428 ], [ -46.026362592670992, -23.367720951738857 ], [ -46.026355641272154, -23.366817794763609 ], [ -46.027333932866753, -23.36681137434919 ], [ -46.02732697519297, -23.365908217544767 ], [ -46.028305259816804, -23.365901791293069 ], [ -46.028291332269085, -23.364095477920209 ], [ -46.029269603300143, -23.364089046109267 ], [ -46.029262633427201, -23.363185889541096 ], [ -46.030240897487872, -23.363179451894201 ], [ -46.030233921342287, -23.36227629549763 ], [ -46.029255663902958, -23.36228273286677 ], [ -46.029248694727414, -23.361379576086286 ], [ -46.028270443560402, -23.361386007064748 ], [ -46.02826348135423, -23.36048284990062 ], [ -46.027285236459562, -23.360489274488934 ], [ -46.027292192045032, -23.361392431930277 ] ], [ [ -46.02636693944865, -23.364778177046841 ], [ -46.027304433434573, -23.363887595879365 ], [ -46.027670197694412, -23.363682971503472 ], [ -46.028052111168527, -23.363472732192502 ], [ -46.028525298824988, -23.363051800874224 ], [ -46.028857220268044, -23.362769497277601 ], [ -46.029175042944331, -23.362427484496735 ], [ -46.029469501089977, -23.36270252174447 ], [ -46.029294945946759, -23.362834288488539 ], [ -46.029046675736367, -23.363022406765555 ], [ -46.028805814106462, -23.363176641045872 ], [ -46.028663649323036, -23.36330898101383 ], [ -46.026830141506494, -23.365162272435079 ], [ -46.02636693944865, -23.364778177046841 ] ] ] ] } },
{ "type": "Feature", "properties": { "fid": 595, "value": 1, "CD_MUN": "3524402", "NM_MUN": "Jacareí", "CD_RGI": "350049", "NM_RGI": "São José dos Campos", "CD_RGINT": "3511", "NM_RGINT": "São José dos Campos", "CD_UF": "35", "NM_UF": "São Paulo", "SIGLA_UF": "SP", "CD_REGIA": "3", "NM_REGIA": "Sudeste", "SIGLA_RG": "SE", "CD_CONCU": "3549904", "NM_CONCU": "São José dos Campos/SP", "AREA_KM2": 464.272 }, "geometry": { "type": "MultiPolygon", "coordinates": [ [ [ [ -46.021471096372956, -23.367752963473766 ], [ -46.021478015002614, -23.368656121723831 ], [ -46.022456321579185, -23.368649731330823 ], [ -46.02244939632611, -23.367746573356428 ], [ -46.021471096372956, -23.367752963473766 ] ] ] ] } },
{ "type": "Feature", "properties": { "fid": 604, "value": 1, "CD_MUN": "3524402", "NM_MUN": "Jacareí", "CD_RGI": "350049", "NM_RGI": "São José dos Campos", "CD_RGINT": "3511", "NM_RGINT": "São José dos Campos", "CD_UF": "35", "NM_UF": "São Paulo", "SIGLA_UF": "SP", "CD_REGIA": "3", "NM_REGIA": "Sudeste", "SIGLA_RG": "SE", "CD_CONCU": "3549904", "NM_CONCU": "São José dos Campos/SP", "AREA_KM2": 464.272 }, "geometry": { "type": "MultiPolygon", "coordinates": [ [ [ [ -46.032246360071632, -23.369488646169017 ], [ -46.032253352257783, -23.370391801159844 ], [ -46.033231668252725, -23.370385342944132 ], [ -46.033224669442617, -23.369482188231885 ], [ -46.032246360071632, -23.369488646169017 ] ] ] ] } },
{ "type": "Feature", "properties": { "fid": 608, "value": 1, "CD_MUN": "3524402", "NM_MUN": "Jacareí", "CD_RGI": "350049", "NM_RGI": "São José dos Campos", "CD_RGINT": "3511", "NM_RGINT": "São José dos Campos", "CD_UF": "35", "NM_UF": "São Paulo", "SIGLA_UF": "SP", "CD_REGIA": "3", "NM_REGIA": "Sudeste", "SIGLA_RG": "SE", "CD_CONCU": "3549904", "NM_CONCU": "São José dos Campos/SP", "AREA_KM2": 464.272 }, "geometry": { "type": "MultiPolygon", "coordinates": [ [ [ [ -45.900159325090044, -23.368497945334767 ], [ -45.899781971440454, -23.368500115935124 ], [ -45.8999328, -23.3685875 ], [ -45.900160822319783, -23.368719735363815 ], [ -45.900159325090044, -23.368497945334767 ] ] ], [ [ [ -45.901162082762134, -23.372105073469701 ], [ -45.901159986540726, -23.371794947373971 ], [ -45.90092975225906, -23.372106411628124 ], [ -45.901162082762134, -23.372105073469701 ] ] ], [ [ [ -45.900195913161205, -23.373917086080723 ], [ -45.900189464091305, -23.372962018317427 ], [ -45.900176, -23.372977 ], [ -45.899349082006083, -23.37392195698526 ], [ -45.900195913161205, -23.373917086080723 ] ] ], [ [ [ -45.89820264348652, -23.368509190614102 ], [ -45.898202718121397, -23.368520270694354 ], [ -45.898236348930368, -23.36850899711208 ], [ -45.89820264348652, -23.368509190614102 ] ] ] ] } },
{ "type": "Feature", "properties": { "fid": 613, "value": 1, "CD_MUN": "3524402", "NM_MUN": "Jacareí", "CD_RGI": "350049", "NM_RGI": "São José dos Campos", "CD_RGINT": "3511", "NM_RGINT": "São José dos Campos", "CD_UF": "35", "NM_UF": "São Paulo", "SIGLA_UF": "SP", "CD_REGIA": "3", "NM_REGIA": "Sudeste", "SIGLA_RG": "SE", "CD_CONCU": "3549904", "NM_CONCU": "São José dos Campos/SP", "AREA_KM2": 464.272 }, "geometry": { "type": "MultiPolygon", "coordinates": [ [ [ [ -45.873773616442492, -23.37316367566719 ], [ -45.872795234554893, -23.373169137411693 ], [ -45.872798058324079, -23.373600449890304 ], [ -45.873246, -23.373576 ], [ -45.873776403946167, -23.373588972185026 ], [ -45.873773616442492, -23.37316367566719 ] ] ] ] } },
{ "type": "Feature", "properties": { "fid": 626, "value": 1, "CD_MUN": "3524402", "NM_MUN": "Jacareí", "CD_RGI": "350049", "NM_RGI": "São José dos Campos", "CD_RGINT": "3511", "NM_RGINT": "São José dos Campos", "CD_UF": "35", "NM_UF": "São Paulo", "SIGLA_UF": "SP", "CD_REGIA": "3", "NM_REGIA": "Sudeste", "SIGLA_RG": "SE", "CD_CONCU": "3549904", "NM_CONCU": "São José dos Campos/SP", "AREA_KM2": 464.272 }, "geometry": { "type": "MultiPolygon", "coordinates": [ [ [ [ -45.89922971796971, -23.375729093122718 ], [ -45.899235811032213, -23.37663228290819 ], [ -45.897279009552093, -23.376643520317398 ], [ -45.897291170080244, -23.378449900540407 ], [ -45.89631275562823, -23.3784555105515 ], [ -45.896324904115971, -23.380261890835399 ], [ -45.897303331824936, -23.380256280340426 ], [ -45.89729725080052, -23.379353090493296 ], [ -45.898275671576705, -23.379347474121214 ], [ -45.898263497184026, -23.3775410945941 ], [ -45.900220311310164, -23.377529844463226 ], [ -45.900208111625481, -23.375723465483478 ], [ -45.89922971796971, -23.375729093122718 ] ] ] ] } },
{ "type": "Feature", "properties": { "fid": 627, "value": 1, "CD_MUN": "3524402", "NM_MUN": "Jacareí", "CD_RGI": "350049", "NM_RGI": "São José dos Campos", "CD_RGINT": "3511", "NM_RGINT": "São José dos Campos", "CD_UF": "35", "NM_UF": "São Paulo", "SIGLA_UF": "SP", "CD_REGIA": "3", "NM_REGIA": "Sudeste", "SIGLA_RG": "SE", "CD_CONCU": "3549904", "NM_CONCU": "São José dos Campos/SP", "AREA_KM2": 464.272 }, "geometry": { "type": "MultiPolygon", "coordinates": [ [ [ [ -46.027340890888624, -23.367714531047451 ], [ -46.027354807976671, -23.369520844125464 ], [ -46.026376496512, -23.369527265370845 ], [ -46.026383448954171, -23.370430422027599 ], [ -46.024426811733711, -23.370443246725582 ], [ -46.024419872539603, -23.369540089515635 ], [ -46.023441560032552, -23.369546492415022 ], [ -46.023434627809294, -23.368643334822718 ], [ -46.022456321579185, -23.368649731330823 ], [ -46.022470173124695, -23.370456046961149 ], [ -46.021491853300311, -23.370462437905505 ], [ -46.021512613342964, -23.373171911381842 ], [ -46.022490953041554, -23.373165519610435 ], [ -46.022511736076957, -23.375874991304197 ], [ -46.02544681272375, -23.375855776805544 ], [ -46.025460709572577, -23.377662089079774 ], [ -46.02741745210605, -23.377649247720537 ], [ -46.027424414305798, -23.378552403144582 ], [ -46.028402791677372, -23.378545973011132 ], [ -46.028409760852675, -23.379449128051668 ], [ -46.029388144503002, -23.379442691522716 ], [ -46.029395120654513, -23.380345846179477 ], [ -46.03037351058358, -23.380339403254499 ], [ -46.03031765812824, -23.373114165249049 ], [ -46.029339321210976, -23.373120605951513 ], [ -46.029332347850357, -23.37221745044511 ], [ -46.028354017209253, -23.372223884753691 ], [ -46.028340084783444, -23.370417572867261 ], [ -46.03029671921886, -23.370404699244659 ], [ -46.030289740280658, -23.369501543697471 ], [ -46.032246360071632, -23.369488646169017 ], [ -46.03223936823526, -23.368585491072015 ], [ -46.030282761691574, -23.368598388044106 ], [ -46.030275783451593, -23.367695232284561 ], [ -46.027340890888624, -23.367714531047451 ] ] ] ] } },
{ "type": "Feature", "properties": { "fid": 631, "value": 1, "CD_MUN": "3524402", "NM_MUN": "Jacareí", "CD_RGI": "350049", "NM_RGI": "São José dos Campos", "CD_RGINT": "3511", "NM_RGINT": "São José dos Campos", "CD_UF": "35", "NM_UF": "São Paulo", "SIGLA_UF": "SP", "CD_REGIA": "3", "NM_REGIA": "Sudeste", "SIGLA_RG": "SE", "CD_CONCU": "3549904", "NM_CONCU": "São José dos Campos/SP", "AREA_KM2": 464.272 }, "geometry": { "type": "MultiPolygon", "coordinates": [ [ [ [ -46.033301675612023, -23.379416884225034 ], [ -46.033308678274011, -23.3803200377689 ], [ -46.032330289393656, -23.380326499049204 ], [ -46.032337285777949, -23.381229652765462 ], [ -46.03625086570829, -23.381203769817649 ], [ -46.036243842812333, -23.380300617217454 ], [ -46.034287066804126, -23.38031357037017 ], [ -46.034280057514543, -23.379410417105181 ], [ -46.033301675612023, -23.379416884225034 ] ] ] ] } },
{ "type": "Feature", "properties": { "fid": 685, "value": 1, "CD_MUN": "3524402", "NM_MUN": "Jacareí", "CD_RGI": "350049", "NM_RGI": "São José dos Campos", "CD_RGINT": "3511", "NM_RGINT": "São José dos Campos", "CD_UF": "35", "NM_UF": "São Paulo", "SIGLA_UF": "SP", "CD_REGIA": "3", "NM_REGIA": "Sudeste", "SIGLA_RG": "SE", "CD_CONCU": "3549904", "NM_CONCU": "São José dos Campos/SP", "AREA_KM2": 464.272 }, "geometry": { "type": "MultiPolygon", "coordinates": [ [ [ [ -45.98167327559711, -23.41045853696038 ], [ -45.981666613229002, -23.409555372514465 ], [ -45.981125862492334, -23.409558769039045 ], [ -45.981158, -23.410248 ], [ -45.981161353761202, -23.410461752570885 ], [ -45.98167327559711, -23.41045853696038 ] ] ] ] } }
]
}
